Trade_ID,Symbol,Mode,Signal_Date,Entry_Date,Exit_Date,Entry_Price,Exit_Price,Shares,Deploy_₹,Stop_Loss,Target,Trailing_Stop,Exit_Reason,P&L_₹,P&L_%,Outcome,Portfolio_Value_After
0,AUBANK,swing,2020-01-23,2020-01-23,2020-01-24,484.85,537.58,28,13575.800000000001,463.76,537.58,456.73,TARGET,1476.44,10.88,WIN,48239.41
1,ATUL,swing,2020-01-23,2020-01-23,2020-01-24,4274.38,4435.01,1,4274.38,4167.29,4542.1,4131.59,PROFIT_BOOKING_1,160.63,3.76,PARTIAL_WIN,52674.420000000006
2,ATUL,swing,2020-01-23,2020-01-23,2020-01-27,4274.38,4542.1,2,8548.76,4167.29,4542.1,4131.59,TARGET,535.44,6.26,WIN,48441.37000000001
3,ICICIPRULI,swing,2020-01-23,2020-01-23,2020-01-27,501.95,526.21,13,6525.349999999999,485.78,542.39,480.39,PROFIT_BOOKING_1,315.38,4.83,PARTIAL_WIN,55282.10000000001
4,AUBANK,swing,2020-01-24,2020-01-24,2020-01-27,532.69,506.39,25,13317.250000000002,506.39,598.42,497.63,SL,-657.5,-4.94,LOSS,67941.85
5,JUBLFOOD,swing,2020-01-23,2020-01-23,2020-01-28,352.86,343.34,38,13408.68,343.34,376.67,340.17,SL,-361.76,-2.7,LOSS,67388.87
6,ICICIPRULI,swing,2020-01-23,2020-01-23,2020-02-03,501.95,485.78,14,7027.3,485.78,542.39,480.39,SL,-226.38,-3.22,LOSS,48208.78999999999
7,NAM-INDIA,swing,2020-01-27,2020-01-27,2020-02-03,302.22,287.88,45,13599.900000000001,287.88,338.08,283.1,SL,-645.3,-4.74,LOSS,61163.38999999999
8,GLAXO,swing,2020-01-28,2020-01-28,2020-02-03,1404.64,1360.54,9,12641.76,1360.54,1514.9,1345.84,SL,-396.9,-3.14,LOSS,73408.25
9,JUBLFOOD,swing,2020-01-30,2020-01-30,2020-02-03,360.52,378.87,18,6489.36,348.28,391.11,344.2,PROFIT_BOOKING_1,330.3,5.09,PARTIAL_WIN,80227.91
10,DRREDDY,swing,2020-02-04,2020-02-04,2020-02-05,620.35,599.94,21,13027.35,599.94,671.38,593.14,SL,-428.61,-3.29,LOSS,79799.3
11,FORTIS,swing,2020-01-23,2020-01-23,2020-02-07,152.87,167.75,88,13452.560000000001,146.92,167.75,144.94,TARGET,1309.44,9.73,WIN,94561.3
12,ABBOTINDIA,swing,2020-02-10,2020-02-10,2020-02-19,13245.53,14071.99,1,13245.53,12694.56,14622.96,12510.9,PROFIT_BOOKING_1,826.46,6.24,WIN,68764.96
13,ICICIBANK,swing,2020-02-12,2020-02-12,2020-02-24,531.28,514.44,25,13282.0,514.44,573.35,508.83,SL,-421.0,-3.17,LOSS,81625.96
14,JUBLFOOD,swing,2020-01-30,2020-01-30,2020-02-28,360.52,348.28,19,6849.879999999999,348.28,391.11,344.2,SL,-232.56,-3.4,LOSS,88243.28
15,KOTAKBANK,swing,2020-02-11,2020-02-11,2020-02-28,333.52,323.01,40,13340.8,323.01,359.78,319.51,SL,-420.4,-3.15,LOSS,101163.68
16,MFSL,swing,2020-03-05,2020-03-05,2020-03-06,605.2,568.43,22,13314.400000000001,568.43,697.13,556.17,SL,-808.94,-6.08,LOSS,100354.73999999999
17,DMART,swing,2020-04-28,2020-04-28,2020-05-06,2305.8,2148.69,5,11529.0,2148.69,2698.59,2096.31,SL,-785.55,-6.81,LOSS,87765.68999999999
18,GRANULES,swing,2020-04-23,2020-04-23,2020-06-03,157.38,184.24,37,5823.0599999999995,139.47,202.14,133.5,PROFIT_BOOKING_1,993.82,17.07,PARTIAL_WIN,83014.81999999999
19,GRANULES,swing,2020-04-23,2020-04-23,2020-06-10,157.38,202.14,38,5980.44,139.47,202.14,133.5,TARGET,1700.88,28.44,WIN,90696.13999999998
20,DMART,swing,2020-05-11,2020-05-11,2020-07-14,2313.55,2161.7,5,11567.75,2161.7,2693.16,2111.09,SL,-759.25,-6.56,LOSS,88129.45999999999
21,DEEPAKNTR,swing,2020-07-07,2020-07-07,2020-07-24,514.43,585.55,26,13375.179999999998,485.98,585.55,476.49,TARGET,1849.12,13.83,WIN,77023.54
22,AJANTPHARM,swing,2020-07-23,2020-07-23,2020-07-28,947.45,904.17,14,13264.300000000001,904.17,1055.67,889.74,SL,-605.92,-4.57,LOSS,89681.92
23,NESTLEIND,swing,2020-07-16,2020-07-16,2020-07-29,816.62,788.41,16,13065.92,788.41,887.14,779.01,SL,-451.36,-3.45,LOSS,102296.48
24,ADANIGREEN,swing,2020-08-17,2020-08-17,2020-08-24,367.25,404.08,18,6610.5,342.7,428.63,334.52,PROFIT_BOOKING_1,662.94,10.03,PARTIAL_WIN,69209.54999999999
25,ADANIGREEN,swing,2020-08-17,2020-08-17,2020-08-25,367.25,428.63,19,6977.75,342.7,428.63,334.52,TARGET,1166.22,16.71,WIN,77353.51999999999
26,ADANIGREEN,swing,2020-08-25,2020-08-25,2020-08-28,424.7,465.61,16,6795.2,397.43,492.88,388.34,PROFIT_BOOKING_1,654.56,9.63,PARTIAL_WIN,60652.81999999999
27,AJANTPHARM,swing,2020-07-31,2020-07-31,2020-08-31,1020.32,965.56,13,13264.16,965.56,1157.21,947.31,SL,-711.88,-5.37,LOSS,73205.09999999999
28,ADANIGREEN,swing,2020-08-25,2020-08-25,2020-08-31,424.7,492.88,16,6795.2,397.43,492.88,388.34,TARGET,1090.88,16.05,WIN,81091.18
29,BRITANNIA,swing,2020-08-25,2020-08-25,2020-08-31,3520.02,3413.87,3,10560.06,3413.87,3785.38,3378.49,SL,-318.45,-3.02,LOSS,91332.79
30,ADANIGREEN,swing,2020-09-01,2020-09-01,2020-09-03,494.65,551.1,13,6430.45,457.02,588.73,444.48,PROFIT_BOOKING_1,733.85,11.41,PARTIAL_WIN,74622.04
31,BRITANNIA,swing,2020-09-02,2020-09-02,2020-09-07,3506.5,3404.78,3,10519.5,3404.78,3760.8,3370.87,SL,-305.16,-2.9,LOSS,84836.37999999999
32,ADANIGREEN,swing,2020-09-01,2020-09-01,2020-09-09,494.65,588.73,14,6925.099999999999,457.02,588.73,444.48,TARGET,1317.12,19.02,WIN,93078.59999999999
33,COFORGE,swing,2020-08-04,2020-08-04,2020-09-14,365.08,397.43,18,6571.44,343.51,419.0,336.33,PROFIT_BOOKING_1,582.3,8.86,PARTIAL_WIN,86661.19
34,ADANIGREEN,swing,2020-09-09,2020-09-09,2020-09-15,590.05,660.4,11,6490.549999999999,543.15,707.3,527.52,PROFIT_BOOKING_1,773.85,11.92,PARTIAL_WIN,93925.59
35,COFORGE,swing,2020-08-04,2020-08-04,2020-09-17,365.08,419.0,19,6936.5199999999995,343.51,419.0,336.33,TARGET,1024.48,14.77,WIN,91241.66
36,BRITANNIA,swing,2020-09-16,2020-09-16,2020-09-21,3548.31,3439.32,3,10644.93,3439.32,3820.77,3402.99,SL,-326.97,-3.07,LOSS,101559.62000000001
37,ADANIGREEN,swing,2020-09-09,2020-09-09,2020-09-29,590.05,707.3,12,7080.599999999999,543.15,707.3,527.52,TARGET,1407.0,19.87,WIN,110047.22
38,MUTHOOTFIN,swing,2020-10-06,2020-10-06,2020-10-13,1094.2,1033.35,12,13130.400000000001,1033.35,1246.32,1013.07,SL,-730.2,-5.56,LOSS,83093.07
39,AJANTPHARM,swing,2020-09-30,2020-09-30,2020-10-19,1010.55,950.36,13,13137.15,950.36,1161.04,930.29,SL,-782.47,-5.96,LOSS,95447.75
40,TORNTPHARM,swing,2020-10-06,2020-10-06,2020-10-19,1308.68,1242.8,10,13086.800000000001,1242.8,1473.38,1220.83,SL,-658.8,-5.03,LOSS,107875.75
41,JUBLPHARMA,swing,2020-10-23,2020-10-23,2020-10-27,554.33,520.84,24,13303.920000000002,520.84,638.07,509.68,SL,-803.76,-6.04,LOSS,79886.39
42,JPPOWER,swing,2020-10-23,2020-10-23,2020-10-28,2.6,2.38,5230,13598.0,2.38,3.14,2.31,SL,-1150.6,-8.46,LOSS,79794.76
43,CRISIL,swing,2020-10-27,2020-10-27,2020-10-30,1791.29,1910.54,3,5373.87,1711.78,1990.04,1685.28,PROFIT_BOOKING_1,357.75,6.66,PARTIAL_WIN,85526.37999999999
44,LTFOODS,swing,2020-10-26,2020-10-26,2020-11-02,50.7,47.61,268,13587.6,47.61,58.44,46.58,SL,-828.12,-6.09,LOSS,98285.85999999999
45,TIINDIA,swing,2020-11-03,2020-11-03,2020-11-12,661.28,722.64,10,6612.799999999999,620.37,763.54,606.74,PROFIT_BOOKING_1,613.6,9.28,PARTIAL_WIN,52357.319999999985
46,TIINDIA,swing,2020-11-03,2020-11-03,2020-11-19,661.28,763.54,10,6612.799999999999,620.37,763.54,606.74,TARGET,1022.6,15.46,WIN,59992.71999999999
47,TIMKEN,swing,2020-11-09,2020-11-09,2020-11-20,1086.53,1167.14,6,6519.18,1032.79,1220.88,1014.88,PROFIT_BOOKING_1,483.66,7.42,PARTIAL_WIN,53701.55999999998
48,KEC,swing,2020-11-19,2020-11-19,2020-11-20,332.35,355.18,20,6647.0,317.12,370.41,312.05,PROFIT_BOOKING_1,456.6,6.87,PARTIAL_WIN,60805.15999999998
49,AARTIIND,swing,2020-11-10,2020-11-10,2020-12-01,532.41,574.38,12,6388.92,504.43,602.36,495.11,PROFIT_BOOKING_1,503.64,7.88,PARTIAL_WIN,67697.71999999999
50,AARTIIND,swing,2020-11-10,2020-11-10,2020-12-07,532.41,602.36,13,6921.33,504.43,602.36,495.11,TARGET,909.35,13.14,WIN,75528.4
51,AEGISLOG,swing,2020-12-07,2020-12-07,2020-12-10,248.2,231.83,54,13402.8,231.83,289.13,226.37,SL,-883.98,-6.6,LOSS,74644.42
52,KEC,swing,2020-11-19,2020-11-19,2020-12-14,332.35,370.41,20,6647.0,317.12,370.41,312.05,TARGET,761.2,11.45,WIN,68475.06
53,SCI,swing,2020-12-10,2020-12-10,2020-12-14,82.79,77.27,164,13577.560000000001,77.27,96.62,75.42,SL,-905.28,-6.67,LOSS,81147.34
54,ERIS,swing,2020-11-03,2020-11-03,2020-12-16,502.99,540.48,13,6538.87,477.99,565.48,469.66,PROFIT_BOOKING_1,487.37,7.45,PARTIAL_WIN,74626.48
55,LAURUSLABS,swing,2020-12-14,2020-12-14,2020-12-21,322.55,351.56,21,6773.55,303.21,370.9,296.77,PROFIT_BOOKING_1,609.21,8.99,PARTIAL_WIN,70900.87
56,DIVISLAB,swing,2020-12-18,2020-12-18,2020-12-21,3702.79,3567.35,3,11108.369999999999,3567.35,4041.37,3522.21,SL,-406.32,-3.66,LOSS,81602.92
57,ERIS,swing,2020-11-03,2020-11-03,2020-12-23,502.99,565.48,14,7041.860000000001,477.99,565.48,469.66,TARGET,874.86,12.42,WIN,76177.41
58,MPHASIS,swing,2020-12-21,2020-12-21,2020-12-23,1212.93,1344.28,11,13342.230000000001,1160.39,1344.28,1142.88,TARGET,1444.85,10.83,WIN,90964.49
59,TIMKEN,swing,2020-11-09,2020-11-09,2020-12-29,1086.53,1220.88,6,6519.18,1032.79,1220.88,1014.88,TARGET,806.1,12.37,WIN,85922.96
60,GRAVITA,swing,2020-12-29,2020-12-29,2021-01-01,69.76,79.01,97,6766.72,63.6,85.17,61.55,PROFIT_BOOKING_1,897.25,13.26,PARTIAL_WIN,66500.93000000001
61,GRAVITA,swing,2020-12-29,2020-12-29,2021-01-05,69.76,85.17,97,6766.72,63.6,85.17,61.55,TARGET,1494.77,22.09,WIN,74762.42000000001
62,MPHASIS,swing,2020-12-23,2020-12-23,2021-01-06,1374.09,1479.75,4,5496.36,1303.65,1550.19,1280.17,PROFIT_BOOKING_1,422.64,7.69,PARTIAL_WIN,80681.42000000001
63,AMBUJACEM,swing,2020-12-30,2020-12-30,2021-01-12,242.01,261.05,28,6776.28,229.32,273.74,225.09,PROFIT_BOOKING_1,533.12,7.87,PARTIAL_WIN,74688.44
64,LAURUSLABS,swing,2020-12-14,2020-12-14,2021-01-21,322.55,370.9,21,6773.55,303.21,370.9,296.77,TARGET,1015.35,14.99,WIN,82477.34
65,DABUR,swing,2021-01-11,2021-01-11,2021-01-22,511.63,497.84,26,13302.38,497.84,546.1,493.24,SL,-358.54,-2.7,LOSS,95421.18
66,CRISIL,swing,2020-10-27,2020-10-27,2021-01-25,1791.29,1764.1015625,4,7165.16,1711.78,1990.04,1685.28,TIME_EXIT,-108.75,-1.52,LOSS,91141.26624999999
67,EICHERMOT,swing,2021-01-22,2021-01-22,2021-01-27,2834.08,2712.05,4,11336.32,2712.05,3139.16,2671.37,SL,-488.12,-4.31,LOSS,91003.07624999998
68,IIFL,swing,2021-02-01,2021-02-01,2021-02-03,168.38,196.56,80,13470.4,157.11,196.56,153.36,TARGET,2254.4,16.74,WIN,93257.47624999999
69,INDIAMART,swing,2021-01-25,2021-01-25,2021-02-04,3662.13,4140.57,1,3662.13,3343.17,4459.53,3236.85,PROFIT_BOOKING_1,478.44,13.06,PARTIAL_WIN,70361.44625000001
70,INDIAMART,swing,2021-01-25,2021-01-25,2021-02-05,3662.13,4459.53,2,7324.26,3343.17,4459.53,3236.85,TARGET,1594.8,21.77,WIN,79280.50625
71,IIFL,swing,2021-02-03,2021-02-03,2021-02-10,202.6,225.35,33,6685.8,187.43,240.52,182.37,PROFIT_BOOKING_1,750.75,11.23,PARTIAL_WIN,73165.01625
72,IIFL,swing,2021-02-03,2021-02-03,2021-02-11,202.6,240.52,34,6888.4,187.43,240.52,182.37,TARGET,1289.28,18.72,WIN,81342.69625000001
73,AMBUJACEM,swing,2020-12-30,2020-12-30,2021-02-15,242.01,273.74,28,6776.28,229.32,273.74,225.09,TARGET,888.44,13.11,WIN,75560.46625000001
74,CDSL,swing,2021-02-11,2021-02-11,2021-02-15,244.49,272.71,55,13446.95,233.2,272.71,229.44,TARGET,1552.1,11.54,WIN,90559.51625000002
75,BLUESTARCO,swing,2021-02-03,2021-02-03,2021-02-19,384.64,416.53,17,6538.88,363.38,437.79,356.29,PROFIT_BOOKING_1,542.13,8.29,PARTIAL_WIN,71214.95625
76,BERGEPAINT,swing,2021-02-15,2021-02-15,2021-02-22,620.67,592.26,21,13034.07,592.26,691.7,582.79,SL,-596.61,-4.58,LOSS,83652.41625000001
77,MPHASIS,swing,2020-12-23,2020-12-23,2021-02-23,1374.09,1550.19,5,6870.45,1303.65,1550.19,1280.17,TARGET,880.5,12.82,WIN,77835.95625
78,CASTROLIND,swing,2021-02-05,2021-02-05,2021-02-23,98.92,94.69,137,13552.04,94.69,109.5,93.28,SL,-579.51,-4.28,LOSS,90808.48625
79,CDSL,swing,2021-02-15,2021-02-15,2021-02-23,267.83,287.52,25,6695.75,254.71,300.65,250.33,PROFIT_BOOKING_1,492.25,7.35,PARTIAL_WIN,97996.48625
80,GESHIP,swing,2021-02-23,2021-02-23,2021-02-25,231.23,262.24,58,13411.34,218.82,262.24,214.69,TARGET,1798.58,13.41,WIN,86197.56625
81,CDSL,swing,2021-02-15,2021-02-15,2021-02-26,267.83,300.65,25,6695.75,254.71,300.65,250.33,TARGET,820.5,12.25,WIN,80330.25625
82,RPOWER,swing,2021-02-23,2021-02-23,2021-02-26,3.7,4.13,1837,6796.900000000001,3.42,4.41,3.32,PROFIT_BOOKING_1,789.91,11.62,PARTIAL_WIN,87917.06625
83,GESHIP,swing,2021-02-25,2021-02-25,2021-02-26,252.52,275.1,26,6565.52,237.47,290.14,232.46,PROFIT_BOOKING_1,587.08,8.94,PARTIAL_WIN,95069.66625000001
84,BLUESTARCO,swing,2021-02-03,2021-02-03,2021-03-01,384.64,437.79,18,6923.5199999999995,363.38,437.79,356.29,TARGET,956.7,13.82,WIN,89411.62625000002
85,RPOWER,swing,2021-02-23,2021-02-23,2021-03-01,3.7,4.41,1838,6800.6,3.42,4.41,3.32,TARGET,1304.98,19.19,WIN,97517.20625000002
86,HBLENGINE,swing,2021-02-22,2021-02-22,2021-03-02,35.61,39.97,190,6765.9,32.7,42.87,31.74,PROFIT_BOOKING_1,828.4,12.24,PARTIAL_WIN,91512.30625000002
87,RPOWER,swing,2021-03-01,2021-03-01,2021-03-04,4.45,4.11,3056,13599.2,4.11,5.31,3.99,SL,-1039.04,-7.64,LOSS,90510.96625000003
88,ZENSARTECH,swing,2021-03-02,2021-03-02,2021-03-08,271.23,253.14,50,13561.5,253.14,316.44,247.12,SL,-904.5,-6.67,LOSS,89604.22625000002
89,CDSL,swing,2021-02-26,2021-02-26,2021-03-09,294.31,278.64,46,13538.26,278.64,333.49,273.42,SL,-720.82,-5.32,LOSS,88848.21625000003
90,BLS,swing,2021-03-09,2021-03-09,2021-03-10,26.21,28.92,259,6788.39,24.4,30.73,23.8,PROFIT_BOOKING_1,701.89,10.34,PARTIAL_WIN,82761.71625000003
91,LEMONTREE,swing,2021-03-08,2021-03-08,2021-03-15,42.55,40.19,319,13573.449999999999,40.19,48.45,39.4,SL,-752.84,-5.55,LOSS,95582.32625000003
92,CESC,swing,2021-03-04,2021-03-04,2021-03-18,51.77,49.66,262,13563.740000000002,49.66,57.07,48.95,SL,-552.82,-4.08,LOSS,95191.37625000003
93,HBLENGINE,swing,2021-02-22,2021-02-22,2021-03-19,35.61,32.7,191,6801.51,32.7,42.87,31.74,SL,-555.81,-8.17,LOSS,101437.07625000003
94,OBEROIRLTY,swing,2021-03-15,2021-03-15,2021-03-19,582.69,548.06,23,13401.87,548.06,669.26,536.52,SL,-796.49,-5.94,LOSS,114042.45625000003
95,BLS,swing,2021-03-09,2021-03-09,2021-03-24,26.21,24.4,259,6788.39,24.4,30.73,23.8,SL,-468.79,-6.91,LOSS,82026.72625000004
96,LTM,swing,2021-03-19,2021-03-19,2021-03-25,3789.41,3578.05,3,11368.23,3578.05,4317.82,3507.59,SL,-634.08,-5.58,LOSS,92760.87625000003
97,DABUR,swing,2021-03-22,2021-03-22,2021-03-25,499.46,485.46,27,13485.42,485.46,534.45,480.79,SL,-378.0,-2.8,LOSS,105868.29625000003
98,OBEROIRLTY,swing,2021-03-22,2021-03-22,2021-03-25,586.16,547.73,23,13481.679999999998,547.73,682.23,534.92,SL,-883.89,-6.56,LOSS,118466.08625000002
99,DABUR,swing,2021-03-30,2021-03-30,2021-04-08,503.67,525.25,13,6547.71,489.28,539.63,484.49,PROFIT_BOOKING_1,280.54,4.28,PARTIAL_WIN,74283.99625000003
100,GESHIP,swing,2021-02-25,2021-02-25,2021-04-12,252.52,237.47,27,6818.04,237.47,290.14,232.46,SL,-406.35,-5.96,LOSS,80695.68625000003
101,BERGEPAINT,swing,2021-03-26,2021-03-26,2021-04-12,617.3,588.51,22,13580.599999999999,588.51,689.27,578.92,SL,-633.38,-4.66,LOSS,93642.90625000003
102,CEATLTD,swing,2021-04-01,2021-04-01,2021-04-12,1527.15,1435.07,8,12217.2,1435.07,1757.36,1404.38,SL,-736.64,-6.03,LOSS,105123.46625000003
103,DABUR,swing,2021-03-30,2021-03-30,2021-04-15,503.67,539.63,14,7051.38,489.28,539.63,484.49,TARGET,503.44,7.14,WIN,99271.71625000003
104,LTM,swing,2021-03-30,2021-03-30,2021-04-20,3871.15,3647.25,3,11613.45,3647.25,4430.88,3572.62,SL,-671.7,-5.78,LOSS,70116.29625000001
105,DABUR,swing,2021-04-15,2021-04-15,2021-04-26,535.55,520.45,25,13388.749999999998,520.45,573.28,515.42,SL,-377.5,-2.82,LOSS,83127.54625000001
106,LAURUSLABS,swing,2021-04-13,2021-04-13,2021-04-29,432.47,470.91,15,6487.05,406.85,496.53,398.31,PROFIT_BOOKING_1,576.6,8.89,PARTIAL_WIN,64744.68625000001
107,WIPRO,swing,2021-04-16,2021-04-16,2021-04-30,214.3,230.27,31,6643.3,203.65,240.91,200.11,PROFIT_BOOKING_1,495.07,7.45,PARTIAL_WIN,71883.05625000001
108,INDIAMART,swing,2021-04-28,2021-04-28,2021-04-30,4087.67,3870.57,3,12263.01,3870.57,4630.42,3798.21,SL,-651.3,-5.31,LOSS,83494.76625000002
109,WIPRO,swing,2021-04-16,2021-04-16,2021-05-10,214.3,240.91,32,6857.6,203.65,240.91,200.11,TARGET,851.52,12.42,WIN,77667.52625000001
110,ONGC,swing,2021-04-30,2021-04-30,2021-05-11,79.16,85.51,85,6728.599999999999,74.92,89.75,73.51,PROFIT_BOOKING_1,539.75,8.02,PARTIAL_WIN,71798.69625000001
111,TIMKEN,swing,2021-04-27,2021-04-27,2021-05-17,1318.35,1243.46,10,13183.5,1243.46,1505.59,1218.49,SL,-748.9,-5.68,LOSS,84233.29625000001
112,ADANIPOWER,swing,2021-05-17,2021-05-17,2021-05-19,19.41,21.26,350,6793.5,18.18,22.49,17.77,PROFIT_BOOKING_1,647.5,9.53,PARTIAL_WIN,78087.29625000001
113,LAURUSLABS,swing,2021-04-13,2021-04-13,2021-05-24,432.47,496.53,16,6919.52,406.85,496.53,398.31,TARGET,1024.96,14.81,WIN,86031.77625000001
114,REDINGTON,swing,2021-04-15,2021-04-15,2021-05-28,71.78,90.22,184,13207.52,64.4,90.22,61.95,TARGET,3392.96,25.69,WIN,89063.94625000001
115,ADANIPOWER,swing,2021-05-17,2021-05-17,2021-05-28,19.41,18.18,350,6793.5,18.18,22.49,17.77,SL,-430.5,-6.34,LOSS,95426.94625000001
116,BHARATFORG,swing,2021-05-10,2021-05-10,2021-06-02,625.58,674.52,10,6255.8,592.96,707.14,582.08,PROFIT_BOOKING_1,489.4,7.82,PARTIAL_WIN,76172.62625000002
117,ONGC,swing,2021-04-30,2021-04-30,2021-06-03,79.16,89.75,86,6807.759999999999,74.92,89.75,73.51,TARGET,910.74,13.38,WIN,83891.12625000002
118,BHARATFORG,swing,2021-05-10,2021-05-10,2021-06-04,625.58,707.14,11,6881.38,592.96,707.14,582.08,TARGET,897.16,13.04,WIN,78165.26625000002
119,ACE,swing,2021-05-24,2021-05-24,2021-06-07,167.51,182.95,40,6700.4,157.22,193.24,153.79,PROFIT_BOOKING_1,617.6,9.22,PARTIAL_WIN,71933.46625000001
120,KARURVYSYA,swing,2021-05-28,2021-05-28,2021-06-08,44.26,41.6,307,13587.82,41.6,50.91,40.72,SL,-816.62,-6.01,LOSS,84704.66625000001
121,ASAHIINDIA,swing,2021-06-03,2021-06-03,2021-06-08,337.61,317.52,40,13504.400000000001,317.52,387.82,310.83,SL,-803.6,-5.95,LOSS,97405.46625000001
122,ACE,swing,2021-05-24,2021-05-24,2021-06-09,167.51,193.24,41,6867.91,157.22,193.24,153.79,TARGET,1054.93,15.36,WIN,78947.09625
123,LALPATHLAB,swing,2021-06-08,2021-06-08,2021-06-10,1431.41,1529.14,4,5725.64,1366.25,1594.3,1344.53,PROFIT_BOOKING_1,390.92,6.83,PARTIAL_WIN,72739.20625
124,IIFL,swing,2021-06-08,2021-06-08,2021-06-10,275.48,259.09,49,13498.52,259.09,316.45,253.62,SL,-803.11,-5.95,LOSS,85434.61625
125,INDIGO,swing,2021-05-28,2021-05-28,2021-06-17,1773.1,1698.62,7,12411.699999999999,1698.62,1959.31,1673.79,SL,-521.36,-4.2,LOSS,87120.73625
126,CHOLAHLDNG,swing,2021-06-04,2021-06-04,2021-06-17,677.49,644.61,20,13549.8,644.61,759.67,633.65,SL,-657.6,-4.85,LOSS,100012.93625
127,GICRE,swing,2021-06-17,2021-06-17,2021-06-18,183.48,175.41,74,13577.519999999999,175.41,203.67,172.72,SL,-597.18,-4.4,LOSS,99415.75624999999
128,SCHAEFFLER,swing,2021-06-28,2021-06-28,2021-06-29,1086.06,1047.53,12,13032.72,1047.53,1182.38,1034.69,SL,-462.36,-3.55,LOSS,98953.39624999999
129,LALPATHLAB,swing,2021-06-08,2021-06-08,2021-07-01,1431.41,1594.3,5,7157.05,1366.25,1594.3,1344.53,TARGET,814.45,11.38,WIN,106924.89624999999
130,ZYDUSWELL,swing,2021-07-08,2021-07-08,2021-07-16,429.7,451.06,15,6445.5,415.46,465.3,410.71,PROFIT_BOOKING_1,320.4,4.97,PARTIAL_WIN,73454.89624999999
131,VEDL,swing,2021-07-06,2021-07-06,2021-07-20,129.74,123.56,104,13492.960000000001,123.56,145.19,121.5,SL,-642.72,-4.76,LOSS,86305.13625
132,SUNDARMFIN,swing,2021-06-09,2021-06-09,2021-07-26,2464.89,2356.04,5,12324.449999999999,2356.04,2736.99,2319.76,SL,-544.25,-4.42,LOSS,85128.53624999999
133,PFIZER,swing,2021-06-10,2021-06-10,2021-07-27,5102.11,5549.31,2,10204.22,4923.23,5549.31,4863.61,TARGET,894.4,8.77,WIN,96227.15624999999
134,HINDALCO,swing,2021-07-12,2021-07-12,2021-07-27,372.84,395.93,18,6711.12,357.44,411.33,352.31,PROFIT_BOOKING_1,415.62,6.19,PARTIAL_WIN,103353.89624999999
135,HINDALCO,swing,2021-07-12,2021-07-12,2021-07-29,372.84,411.33,18,6711.12,357.44,411.33,352.31,TARGET,692.82,10.32,WIN,97725.35625
136,ZYDUSWELL,swing,2021-07-08,2021-07-08,2021-07-30,429.7,415.46,16,6875.2,415.46,465.3,410.71,SL,-227.84,-3.31,LOSS,90785.46625
137,HINDCOPPER,swing,2021-07-30,2021-07-30,2021-08-05,149.37,140.43,91,13592.67,140.43,171.74,137.44,SL,-813.54,-5.99,LOSS,76435.32625
138,CGPOWER,swing,2021-08-03,2021-08-03,2021-08-05,82.04,89.06,82,6727.280000000001,77.36,93.74,75.8,PROFIT_BOOKING_1,575.64,8.56,PARTIAL_WIN,83738.24625
139,JSWSTEEL,swing,2021-07-28,2021-07-28,2021-08-06,685.92,728.02,9,6173.28,657.85,756.09,648.49,PROFIT_BOOKING_1,378.9,6.14,PARTIAL_WIN,77187.82624999998
140,NMDC,swing,2021-07-29,2021-07-29,2021-08-09,34.75,33.06,391,13587.25,33.06,38.96,32.5,SL,-660.79,-4.86,LOSS,90114.28624999999
141,CGPOWER,swing,2021-08-03,2021-08-03,2021-08-10,82.04,77.36,83,6809.320000000001,77.36,93.74,75.8,SL,-388.44,-5.7,LOSS,96535.16625
142,CONCOR,swing,2021-08-05,2021-08-05,2021-08-10,655.13,624.92,20,13102.6,624.92,730.66,614.85,SL,-604.2,-4.61,LOSS,109033.56624999999
143,EICHERMOT,swing,2021-08-10,2021-08-10,2021-08-12,2623.16,2544.08,5,13115.8,2544.08,2820.89,2517.71,SL,-395.4,-3.01,LOSS,108638.16624999998
144,JSWSTEEL,swing,2021-07-28,2021-07-28,2021-08-20,685.92,657.85,10,6859.2,657.85,756.09,648.49,SL,-280.7,-4.09,LOSS,115216.66624999998
145,OIL,swing,2021-08-20,2021-08-20,2021-08-26,87.21,93.98,77,6715.169999999999,82.7,98.49,81.2,PROFIT_BOOKING_1,521.29,7.76,PARTIAL_WIN,71977.80624999998
146,HINDUNILVR,swing,2021-08-20,2021-08-20,2021-08-31,2401.81,2498.18,2,4803.62,2337.57,2562.43,2316.15,PROFIT_BOOKING_1,192.74,4.01,PARTIAL_WIN,76974.16624999998
147,CHOLAHLDNG,swing,2021-07-20,2021-07-20,2021-09-01,647.84,700.08,10,6478.400000000001,613.0,734.92,601.39,PROFIT_BOOKING_1,522.4,8.06,PARTIAL_WIN,83974.96624999998
148,HINDUNILVR,swing,2021-08-20,2021-08-20,2021-09-02,2401.81,2562.43,3,7205.43,2337.57,2562.43,2316.15,TARGET,481.86,6.69,WIN,91662.25624999998
149,BLUEDART,swing,2021-08-25,2021-08-25,2021-09-03,5712.61,6048.77,1,5712.61,5488.51,6272.88,5413.81,PROFIT_BOOKING_1,336.16,5.88,PARTIAL_WIN,84609.00624999998
150,BLUEDART,swing,2021-08-25,2021-08-25,2021-09-06,5712.61,6272.88,1,5712.61,5488.51,6272.88,5413.81,TARGET,560.27,9.81,WIN,90881.88624999998
151,OIL,swing,2021-08-20,2021-08-20,2021-09-08,87.21,98.49,78,6802.379999999999,82.7,98.49,81.2,TARGET,879.84,12.93,WIN,98564.10624999998
152,CHOLAHLDNG,swing,2021-07-20,2021-07-20,2021-09-16,647.84,734.92,10,6478.400000000001,613.0,734.92,601.39,TARGET,870.8,13.44,WIN,78823.78624999999
153,CONCOR,swing,2021-09-02,2021-09-02,2021-09-17,689.58,657.61,19,13102.02,657.61,769.49,646.96,SL,-607.43,-4.64,LOSS,77846.18624999998
154,DLF,swing,2021-09-16,2021-09-16,2021-09-20,328.59,315.67,41,13472.189999999999,315.67,360.9,311.36,SL,-529.72,-3.93,LOSS,79900.73624999999
155,DLF,swing,2021-09-21,2021-09-21,2021-09-22,317.36,354.69,42,13329.12,302.43,354.69,297.46,TARGET,1567.86,11.76,WIN,81468.59624999999
156,CRISIL,swing,2021-09-17,2021-09-17,2021-09-28,2721.98,2570.8,4,10887.92,2570.8,3099.9,2520.41,SL,-604.72,-5.55,LOSS,78173.64624999999
157,COALINDIA,swing,2021-09-28,2021-09-28,2021-09-29,118.03,130.95,115,13573.45,112.87,130.95,111.14,TARGET,1485.8,10.95,WIN,79659.44625
158,JWL,swing,2021-09-22,2021-09-22,2021-09-30,34.55,31.71,393,13578.15,31.71,41.65,30.76,SL,-1116.12,-8.22,LOSS,78563.87624999999
159,ONGC,swing,2021-09-29,2021-09-29,2021-10-05,107.6,119.6,126,13557.599999999999,102.81,119.6,101.21,TARGET,1512.0,11.15,WIN,80211.11624999999
160,CASTROLIND,swing,2021-09-09,2021-09-09,2021-10-06,109.72,114.77,61,6692.92,106.35,118.14,105.23,PROFIT_BOOKING_1,308.05,4.6,PARTIAL_WIN,73640.08625
161,BSE,swing,2021-09-08,2021-09-08,2021-10-08,125.87,137.8,54,6796.9800000000005,117.91,145.76,115.26,PROFIT_BOOKING_1,644.22,9.48,PARTIAL_WIN,81081.28624999999
162,BSE,swing,2021-09-08,2021-09-08,2021-10-11,125.87,145.76,54,6796.9800000000005,117.91,145.76,115.26,TARGET,1074.06,15.8,WIN,88952.32624999998
163,CASTROLIND,swing,2021-09-09,2021-09-09,2021-10-12,109.72,118.14,62,6802.64,106.35,118.14,105.23,TARGET,522.04,7.67,WIN,83225.38624999998
164,AJANTPHARM,swing,2021-10-11,2021-10-11,2021-10-14,1450.18,1392.55,9,13051.62,1392.55,1594.28,1373.33,SL,-518.67,-3.97,LOSS,83408.16624999998
165,CIEINDIA,swing,2021-10-04,2021-10-04,2021-10-18,231.42,252.01,29,6711.179999999999,217.69,265.74,213.12,PROFIT_BOOKING_1,597.11,8.9,PARTIAL_WIN,77126.57624999997
166,CIEINDIA,swing,2021-10-04,2021-10-04,2021-10-19,231.42,265.74,29,6711.179999999999,217.69,265.74,213.12,TARGET,995.28,14.83,WIN,84833.03624999998
167,INOXWIND,swing,2021-10-14,2021-10-14,2021-10-19,32.28,29.79,421,13589.880000000001,29.79,38.49,28.96,SL,-1048.29,-7.71,LOSS,97374.62624999997
168,JWL,swing,2021-10-05,2021-10-05,2021-10-20,34.8,32.09,390,13571.999999999998,32.09,41.57,31.18,SL,-1056.9,-7.79,LOSS,84316.87624999997
169,ENDURANCE,swing,2021-10-12,2021-10-12,2021-10-20,1764.31,1684.57,7,12350.17,1684.57,1963.65,1657.99,SL,-558.18,-4.52,LOSS,96108.86624999998
170,ADANIENSOL,swing,2021-10-19,2021-10-19,2021-10-21,1745.05,1630.82,7,12215.35,1630.82,2030.63,1592.74,SL,-799.61,-6.55,LOSS,107524.60624999998
171,CIEINDIA,swing,2021-10-19,2021-10-19,2021-10-22,267.15,249.72,50,13357.499999999998,249.72,310.73,243.91,SL,-871.5,-6.52,LOSS,120010.60624999998
172,NIACL,swing,2021-08-25,2021-08-25,2021-10-28,157.25,146.07,86,13523.5,146.07,185.19,142.35,SL,-961.48,-7.11,LOSS,132572.62624999997
173,VBL,swing,2021-11-01,2021-11-01,2021-11-08,121.47,131.12,55,6680.85,115.03,137.56,112.88,PROFIT_BOOKING_1,530.75,7.94,PARTIAL_WIN,99820.20624999997
174,POONAWALLA,swing,2021-11-01,2021-11-01,2021-11-15,170.13,188.11,39,6635.07,158.15,200.09,154.16,PROFIT_BOOKING_1,701.22,10.57,PARTIAL_WIN,93624.00624999998
175,POONAWALLA,swing,2021-11-01,2021-11-01,2021-11-16,170.13,200.09,40,6805.2,158.15,200.09,154.16,TARGET,1198.4,17.61,WIN,101627.60624999998
176,UTIAMC,swing,2021-11-04,2021-11-04,2021-11-16,931.47,883.14,14,13040.58,883.14,1052.3,867.03,SL,-676.62,-5.19,LOSS,113991.56624999997
177,ELECON,swing,2021-11-11,2021-11-11,2021-11-22,85.11,94.7,79,6723.69,78.71,101.1,76.58,PROFIT_BOOKING_1,757.61,11.27,PARTIAL_WIN,107921.74624999998
178,ONGC,swing,2021-11-16,2021-11-16,2021-11-23,116.82,111.67,116,13551.119999999999,111.67,129.7,109.95,SL,-597.4,-4.41,LOSS,120875.46624999998
179,ELECON,swing,2021-11-11,2021-11-11,2021-11-25,85.11,101.1,80,6808.8,78.71,101.1,76.58,TARGET,1279.2,18.79,WIN,115478.40624999999
180,VBL,swing,2021-11-01,2021-11-01,2021-11-29,121.47,115.03,56,6802.32,115.03,137.56,112.88,SL,-360.64,-5.3,LOSS,108397.48624999999
181,ONGC,swing,2021-11-24,2021-11-24,2021-11-29,118.29,112.71,114,13485.060000000001,112.71,132.25,110.84,SL,-636.12,-4.72,LOSS,121246.42624999999
182,ELECON,swing,2021-11-25,2021-11-25,2021-12-06,104.02,95.8,130,13522.6,95.8,124.58,93.06,SL,-1068.6,-7.9,LOSS,108878.38625
183,ELGIEQUIP,swing,2021-11-29,2021-11-29,2021-12-06,265.84,314.58,51,13557.839999999998,246.35,314.58,239.85,TARGET,2485.74,18.33,WIN,124921.96625
184,AAVAS,swing,2021-11-30,2021-11-30,2021-12-06,2816.05,2640.55,4,11264.2,2640.55,3254.8,2582.05,SL,-702.0,-6.23,LOSS,135484.16625
185,ANANTRAJ,swing,2021-12-07,2021-12-07,2021-12-13,72.47,80.25,93,6739.71,67.28,85.43,65.55,PROFIT_BOOKING_1,723.54,10.74,PARTIAL_WIN,115945.47625
186,ELGIEQUIP,swing,2021-12-06,2021-12-06,2021-12-16,298.89,332.6,22,6575.58,276.42,355.08,268.93,PROFIT_BOOKING_1,741.62,11.28,PARTIAL_WIN,83714.81624999999
187,LINDEINDIA,swing,2021-12-13,2021-12-13,2021-12-16,2587.12,2430.63,5,12935.599999999999,2430.63,2978.35,2378.47,SL,-782.45,-6.05,LOSS,95867.96625
188,ELGIEQUIP,swing,2021-12-06,2021-12-06,2021-12-20,298.89,276.42,23,6874.469999999999,276.42,355.08,268.93,SL,-516.81,-7.52,LOSS,102225.62625
189,ANANTRAJ,swing,2021-12-07,2021-12-07,2021-12-20,72.47,67.28,94,6812.18,67.28,85.43,65.55,SL,-487.86,-7.16,LOSS,108549.94625000001
190,RADICO,swing,2021-12-15,2021-12-15,2021-12-20,1085.9,1018.32,12,13030.800000000001,1018.32,1254.85,995.79,SL,-810.96,-6.22,LOSS,120769.78625
191,RVNL,swing,2021-12-15,2021-12-15,2021-12-20,32.26,30.38,421,13581.46,30.38,36.96,29.75,SL,-791.48,-5.83,LOSS,133559.76625000002
192,RADICO,swing,2021-12-22,2021-12-22,2021-12-24,1107.37,1211.62,6,6644.219999999999,1037.87,1281.11,1014.7,PROFIT_BOOKING_1,625.5,9.41,PARTIAL_WIN,100414.19625000001
193,NLCINDIA,swing,2021-12-30,2021-12-30,2022-01-12,56.16,60.59,121,6795.36,53.2,63.55,52.21,PROFIT_BOOKING_1,536.03,7.89,PARTIAL_WIN,80934.58625000001
194,WIPRO,swing,2021-12-21,2021-12-21,2022-01-13,315.51,303.54,43,13566.93,303.54,345.43,299.55,SL,-514.71,-3.79,LOSS,93986.80625000001
195,NLCINDIA,swing,2021-12-30,2021-12-30,2022-01-19,56.16,63.55,121,6795.36,53.2,63.55,52.21,TARGET,894.19,13.16,WIN,88104.55625000001
196,VEDL,swing,2021-12-21,2021-12-21,2022-01-24,178.42,167.65,76,13559.919999999998,167.65,205.36,164.06,SL,-818.52,-6.04,LOSS,87776.27625
197,RADICO,swing,2021-12-22,2021-12-22,2022-01-24,1107.37,1037.87,6,6644.219999999999,1037.87,1281.11,1014.7,SL,-417.0,-6.28,LOSS,94003.49625
198,BLUESTARCO,swing,2021-12-29,2021-12-29,2022-01-24,489.64,460.87,27,13220.279999999999,460.87,561.56,451.28,SL,-776.79,-5.88,LOSS,106446.98625
199,ABFRL,swing,2022-01-13,2022-01-13,2022-01-24,308.45,292.45,44,13571.8,292.45,348.45,287.12,SL,-704.0,-5.19,LOSS,119314.78625
200,SOBHA,swing,2022-01-19,2022-01-19,2022-01-24,1005.36,941.16,13,13069.68,941.16,1165.86,919.76,SL,-834.6,-6.39,LOSS,131549.86625
201,BDL,swing,2022-01-25,2022-01-25,2022-01-31,223.25,244.58,30,6697.5,209.02,258.81,204.28,PROFIT_BOOKING_1,639.9,9.55,PARTIAL_WIN,125492.26624999999
202,BEML,swing,2022-02-10,2022-02-10,2022-02-14,762.21,718.82,17,12957.57,718.82,870.66,704.36,SL,-737.63,-5.69,LOSS,124754.63624999998
203,BDL,swing,2022-01-25,2022-01-25,2022-02-22,223.25,209.02,30,6697.5,209.02,258.81,204.28,SL,-426.9,-6.37,LOSS,131025.23624999999
204,TRENT,swing,2022-03-03,2022-03-03,2022-03-07,1126.41,1058.06,12,13516.920000000002,1058.06,1297.29,1035.28,SL,-820.2,-6.07,LOSS,130205.03624999999
205,TRENT,swing,2022-03-09,2022-03-09,2022-03-17,1139.01,1249.2,5,5695.05,1065.55,1322.66,1041.06,PROFIT_BOOKING_1,550.95,9.67,PARTIAL_WIN,97463.61624999999
206,TRENT,swing,2022-03-09,2022-03-09,2022-04-05,1139.01,1322.66,6,6834.0599999999995,1065.55,1322.66,1041.06,TARGET,1101.9,16.12,WIN,79170.27625
207,OBEROIRLTY,swing,2022-03-22,2022-03-22,2022-04-06,892.25,976.35,7,6245.75,836.18,1032.42,817.49,PROFIT_BOOKING_1,588.7,9.43,PARTIAL_WIN,72497.87624999999
208,POONAWALLA,swing,2022-04-05,2022-04-05,2022-04-07,275.65,302.14,24,6615.599999999999,257.98,319.8,252.1,PROFIT_BOOKING_1,635.76,9.61,PARTIAL_WIN,79749.23624999999
209,CDSL,swing,2022-03-11,2022-03-11,2022-04-12,721.19,676.31,18,12981.420000000002,676.31,833.39,661.35,SL,-807.84,-6.22,LOSS,91922.81624999999
210,THERMAX,swing,2022-03-14,2022-03-14,2022-04-13,1925.27,2250.61,7,13476.89,1795.13,2250.61,1751.75,TARGET,2277.38,16.9,WIN,107677.08625
211,POONAWALLA,swing,2022-04-05,2022-04-05,2022-04-13,275.65,319.8,25,6891.249999999999,257.98,319.8,252.1,TARGET,1103.75,16.02,WIN,115672.08625
212,SRF,swing,2022-03-21,2022-03-21,2022-04-25,2569.11,2425.56,5,12845.550000000001,2425.56,2927.99,2377.71,SL,-717.75,-5.59,LOSS,104192.60625
213,SOLARINDS,swing,2022-04-18,2022-04-18,2022-04-25,3015.21,2873.88,4,12060.84,2873.88,3368.53,2826.77,SL,-565.32,-4.69,LOSS,115688.12625
214,HBLENGINE,swing,2022-04-25,2022-04-25,2022-04-29,81.65,91.0,83,6776.950000000001,75.41,97.24,73.33,PROFIT_BOOKING_1,776.05,11.45,PARTIAL_WIN,109687.22625
215,FLUOROCHEM,swing,2022-04-21,2022-04-21,2022-05-04,2886.61,2701.04,4,11546.44,2701.04,3350.53,2639.18,SL,-742.28,-6.43,LOSS,120491.38625000001
216,OBEROIRLTY,swing,2022-03-22,2022-03-22,2022-05-09,892.25,836.18,8,7138.0,836.18,1032.42,817.49,SL,-448.56,-6.28,LOSS,127180.82625000001
217,HBLENGINE,swing,2022-04-25,2022-04-25,2022-05-10,81.65,75.41,83,6776.950000000001,75.41,97.24,73.33,SL,-517.92,-7.64,LOSS,133439.85625
218,SUNPHARMA,swing,2022-05-24,2022-05-24,2022-05-31,872.89,837.56,15,13093.35,837.56,961.2,825.79,SL,-529.95,-4.05,LOSS,132909.90625
219,KEI,swing,2022-06-07,2022-06-07,2022-06-16,1310.3,1218.03,10,13103.0,1218.03,1540.98,1187.28,SL,-922.7,-7.04,LOSS,107731.02625
220,SOLARINDS,swing,2022-06-10,2022-06-10,2022-06-20,2844.88,2662.21,4,11379.52,2662.21,3301.56,2601.32,SL,-730.68,-6.42,LOSS,118379.86624999999
221,ADANIENT,swing,2022-06-01,2022-06-01,2022-07-11,2146.11,2335.77,3,6438.33,2019.67,2462.21,1977.52,PROFIT_BOOKING_1,568.98,8.84,PARTIAL_WIN,72992.19624999998
222,NHPC,swing,2022-07-08,2022-07-08,2022-07-15,28.6,30.89,237,6778.200000000001,27.08,32.41,26.58,PROFIT_BOOKING_1,542.73,8.01,PARTIAL_WIN,80313.12624999997
223,ADANIENT,swing,2022-06-01,2022-06-01,2022-07-20,2146.11,2462.21,3,6438.33,2019.67,2462.21,1977.52,TARGET,948.3,14.73,WIN,87699.75624999998
224,DEEPAKFERT,swing,2022-07-07,2022-07-07,2022-07-22,592.19,651.44,11,6514.09,552.7,690.94,539.53,PROFIT_BOOKING_1,651.75,10.01,PARTIAL_WIN,81402.40624999997
225,SPLPETRO,swing,2022-06-29,2022-06-29,2022-08-01,409.08,387.38,33,13499.64,387.38,463.33,380.15,SL,-716.1,-5.3,LOSS,94185.94624999996
226,DEEPAKFERT,swing,2022-07-07,2022-07-07,2022-08-01,592.19,690.94,11,6514.09,552.7,690.94,539.53,TARGET,1086.25,16.68,WIN,101786.28624999996
227,ELGIEQUIP,swing,2022-07-21,2022-07-21,2022-08-02,363.87,401.52,18,6549.66,338.77,426.62,330.4,PROFIT_BOOKING_1,677.7,10.35,PARTIAL_WIN,81992.84624999996
228,ELGIEQUIP,swing,2022-07-21,2022-07-21,2022-08-03,363.87,426.62,19,6913.53,338.77,426.62,330.4,TARGET,1192.25,17.25,WIN,90098.62624999996
229,WELCORP,swing,2022-08-01,2022-08-01,2022-08-04,225.08,211.4,60,13504.800000000001,211.4,259.28,206.84,SL,-820.8,-6.08,LOSS,89502.22624999996
230,SIEMENS,swing,2022-07-07,2022-07-07,2022-08-10,1535.27,1626.17,4,6141.08,1474.67,1686.78,1454.47,PROFIT_BOOKING_1,363.6,5.92,PARTIAL_WIN,86026.40624999997
231,BAYERCROP,swing,2022-08-05,2022-08-05,2022-08-11,4990.25,4805.86,2,9980.5,4805.86,5451.2,4744.4,SL,-368.78,-3.7,LOSS,95638.12624999997
232,SIEMENS,swing,2022-07-07,2022-07-07,2022-08-17,1535.27,1686.78,4,6141.08,1474.67,1686.78,1454.47,TARGET,606.04,9.87,WIN,102385.24624999997
233,GESHIP,swing,2022-08-01,2022-08-01,2022-08-23,436.0,478.06,15,6540.0,407.95,506.11,398.6,PROFIT_BOOKING_1,630.9,9.65,PARTIAL_WIN,109556.14624999996
234,ELGIEQUIP,swing,2022-08-03,2022-08-03,2022-08-24,428.4,468.9,15,6426.0,401.41,495.89,392.41,PROFIT_BOOKING_1,607.5,9.45,PARTIAL_WIN,116589.64624999996
235,NHPC,swing,2022-07-08,2022-07-08,2022-08-29,28.6,32.41,238,6806.8,27.08,32.41,26.58,TARGET,906.78,13.32,WIN,110742.02624999997
236,ELGIEQUIP,swing,2022-08-03,2022-08-03,2022-08-29,428.4,495.89,16,6854.4,401.41,495.89,392.41,TARGET,1079.84,15.75,WIN,118676.26624999997
237,GESHIP,swing,2022-08-01,2022-08-01,2022-08-30,436.0,506.11,16,6976.0,407.95,506.11,398.6,TARGET,1121.76,16.08,WIN,126774.02624999997
238,ELGIEQUIP,swing,2022-08-30,2022-08-30,2022-09-06,492.07,542.95,13,6396.91,458.15,576.86,446.85,PROFIT_BOOKING_1,661.44,10.34,PARTIAL_WIN,120546.48624999997
239,ELGIEQUIP,swing,2022-08-30,2022-08-30,2022-09-21,492.07,458.15,14,6888.98,458.15,576.86,446.85,SL,-474.88,-6.89,LOSS,126960.58624999998
240,IIFL,swing,2022-08-26,2022-08-26,2022-09-22,339.03,366.34,20,6780.599999999999,320.82,384.54,314.75,PROFIT_BOOKING_1,546.2,8.06,PARTIAL_WIN,134287.38624999998
241,IIFL,swing,2022-08-26,2022-08-26,2022-10-27,339.03,384.54,20,6780.599999999999,320.82,384.54,314.75,TARGET,910.2,13.42,WIN,88329.44624999998
242,SUNPHARMA,swing,2022-10-13,2022-10-13,2022-10-31,932.06,975.62,7,6524.42,903.02,1004.66,893.34,PROFIT_BOOKING_1,304.92,4.67,PARTIAL_WIN,81739.34624999997
243,SUNPHARMA,swing,2022-10-13,2022-10-13,2022-11-01,932.06,1004.66,7,6524.42,903.02,1004.66,893.34,TARGET,508.2,7.79,WIN,88771.96624999997
244,TITAGARH,swing,2022-10-20,2022-10-20,2022-11-02,161.87,150.91,84,13597.08,150.91,189.26,147.26,SL,-920.64,-6.77,LOSS,88179.28624999998
245,ACE,swing,2022-10-27,2022-10-27,2022-11-04,285.52,313.36,23,6566.959999999999,266.96,331.92,260.77,PROFIT_BOOKING_1,640.32,9.75,PARTIAL_WIN,81818.86624999998
246,ACE,swing,2022-10-27,2022-10-27,2022-11-07,285.52,331.92,24,6852.48,266.96,331.92,260.77,TARGET,1113.6,16.25,WIN,89784.94624999998
247,TITAGARH,swing,2022-11-03,2022-11-03,2022-11-09,159.62,175.41,42,6704.04,149.1,185.93,145.59,PROFIT_BOOKING_1,663.18,9.89,PARTIAL_WIN,97152.16624999998
248,EIHOTEL,swing,2022-10-21,2022-10-21,2022-11-14,187.94,176.66,72,13531.68,176.66,216.14,172.9,SL,-812.16,-6.0,LOSS,97086.98624999999
249,USHAMART,swing,2022-10-21,2022-10-21,2022-11-23,132.07,123.01,102,13471.14,123.01,154.71,119.99,SL,-924.12,-6.86,LOSS,109634.00624999999
250,TITAGARH,swing,2022-11-03,2022-11-03,2022-11-28,159.62,185.93,43,6863.66,149.1,185.93,145.59,TARGET,1131.33,16.48,WIN,117628.99625
251,CUMMINSIND,swing,2022-11-09,2022-11-09,2022-12-02,1278.47,1363.26,5,6392.35,1221.95,1419.78,1203.11,PROFIT_BOOKING_1,423.95,6.63,PARTIAL_WIN,97394.14625
252,PCBL,swing,2022-11-30,2022-11-30,2022-12-07,129.19,123.43,105,13564.949999999999,123.43,143.6,121.51,SL,-604.8,-4.46,LOSS,97295.59625
253,CUMMINSIND,swing,2022-11-09,2022-11-09,2022-12-09,1278.47,1419.78,5,6392.35,1221.95,1419.78,1203.11,TARGET,706.55,11.05,WIN,90892.45624999999
254,BHARATFORG,swing,2022-11-01,2022-11-01,2022-12-14,829.32,881.26,8,6634.56,794.7,915.88,783.16,PROFIT_BOOKING_1,415.52,6.26,PARTIAL_WIN,97942.53624999999
255,WELCORP,swing,2022-11-29,2022-11-29,2022-12-16,236.6,223.3,57,13486.199999999999,223.3,269.85,218.87,SL,-758.1,-5.62,LOSS,97126.08625
256,ADANIPORTS,swing,2022-12-02,2022-12-02,2022-12-16,870.58,841.68,15,13058.7,841.68,942.83,832.04,SL,-433.5,-3.32,LOSS,109751.28624999999
257,EIHOTEL,swing,2022-12-08,2022-12-08,2022-12-19,182.46,174.89,74,13502.04,174.89,201.37,172.37,SL,-560.18,-4.15,LOSS,122693.14624999999
258,CIEINDIA,swing,2022-12-15,2022-12-15,2022-12-19,300.99,323.6,22,6621.780000000001,285.92,338.67,280.9,PROFIT_BOOKING_1,497.42,7.51,PARTIAL_WIN,129812.34624999999
259,LTFOODS,swing,2022-12-19,2022-12-19,2022-12-21,121.13,114.5,112,13566.56,114.5,137.72,112.28,SL,-742.56,-5.47,LOSS,129069.78624999999
260,CIEINDIA,swing,2022-12-15,2022-12-15,2022-12-23,300.99,285.92,23,6922.77,285.92,338.67,280.9,SL,-346.61,-5.01,LOSS,135645.94624999998
261,TVSMOTOR,swing,2022-12-28,2022-12-28,2023-01-03,1064.99,1022.3,12,12779.880000000001,1022.3,1171.7,1008.07,SL,-512.28,-4.01,LOSS,135133.66624999998
262,KPITTECH,swing,2023-01-06,2023-01-06,2023-01-13,704.59,669.28,19,13387.210000000001,669.28,792.86,657.51,SL,-670.89,-5.01,LOSS,94019.08625
263,RVNL,swing,2023-01-05,2023-01-05,2023-01-16,69.35,77.06,98,6796.299999999999,64.2,82.21,62.49,PROFIT_BOOKING_1,755.58,11.12,PARTIAL_WIN,87996.94625
264,GABRIEL,swing,2023-01-04,2023-01-04,2023-01-24,184.33,172.1,73,13456.09,172.1,214.9,168.03,SL,-892.79,-6.63,LOSS,100560.24625
265,FORTIS,swing,2023-01-05,2023-01-05,2023-01-25,285.0,274.23,47,13395.0,274.23,311.94,270.63,SL,-506.19,-3.78,LOSS,100177.45624999999
266,RAILTEL,swing,2023-01-13,2023-01-13,2023-01-25,126.86,119.47,107,13574.02,119.47,145.32,117.01,SL,-790.73,-5.83,LOSS,112960.74624999998
267,ACE,swing,2023-01-24,2023-01-24,2023-01-27,331.79,313.22,40,13271.6,313.22,378.22,307.03,SL,-742.8,-5.6,LOSS,111905.58624999998
268,BHARATFORG,swing,2022-11-01,2022-11-01,2023-01-30,829.32,844.8607788085938,8,6634.56,794.7,915.88,783.16,TIME_EXIT,124.33,1.87,WIN,105358.45248046872
269,NHPC,swing,2023-01-25,2023-01-25,2023-02-02,39.26,37.68,346,13583.96,37.68,43.22,37.15,SL,-546.68,-4.02,LOSS,105316.53248046873
270,MGL,swing,2023-01-31,2023-01-31,2023-02-02,817.45,787.8,16,13079.2,787.8,891.56,777.92,SL,-474.4,-3.63,LOSS,117921.33248046873
271,M&MFIN,swing,2023-02-03,2023-02-03,2023-02-06,223.63,240.19,30,6708.9,212.58,251.24,208.9,PROFIT_BOOKING_1,496.8,7.41,PARTIAL_WIN,111709.23248046872
272,ACE,swing,2023-01-27,2023-01-27,2023-02-07,316.81,346.06,21,6653.01,297.32,365.56,290.82,PROFIT_BOOKING_1,614.25,9.23,PARTIAL_WIN,118976.49248046872
273,ACE,swing,2023-01-27,2023-01-27,2023-02-08,316.81,365.56,21,6653.01,297.32,365.56,290.82,TARGET,1023.75,15.39,WIN,126653.25248046871
274,RVNL,swing,2023-01-05,2023-01-05,2023-02-20,69.35,64.2,98,6796.299999999999,64.2,82.21,62.49,SL,-504.7,-7.43,LOSS,107528.66248046872
275,TEGA,swing,2023-02-08,2023-02-08,2023-02-27,641.64,610.55,21,13474.44,610.55,719.39,600.18,SL,-652.89,-4.85,LOSS,106825.79248046872
276,KIRLOSENG,swing,2023-02-21,2023-02-21,2023-02-27,322.01,301.99,42,13524.42,301.99,372.07,295.31,SL,-840.84,-6.22,LOSS,119509.37248046872
277,ABCAPITAL,swing,2023-02-28,2023-02-28,2023-03-03,145.85,154.83,46,6709.099999999999,139.87,160.81,137.87,PROFIT_BOOKING_1,413.08,6.16,PARTIAL_WIN,113067.50248046871
278,PERSISTENT,swing,2023-02-10,2023-02-10,2023-03-13,2388.35,2286.32,5,11941.75,2286.32,2643.43,2252.31,SL,-510.15,-4.27,LOSS,124499.10248046872
279,M&MFIN,swing,2023-02-03,2023-02-03,2023-03-20,223.63,212.58,30,6708.9,212.58,251.24,208.9,SL,-331.5,-4.94,LOSS,106445.75248046871
280,AIAENG,swing,2023-03-15,2023-03-15,2023-03-21,2734.93,2631.45,4,10939.72,2631.45,2993.63,2596.96,SL,-413.92,-3.78,LOSS,116971.55248046872
281,NH,swing,2023-03-15,2023-03-15,2023-03-21,793.59,763.89,17,13491.03,763.89,867.82,753.99,SL,-504.9,-3.74,LOSS,129957.68248046872
282,ABCAPITAL,swing,2023-02-28,2023-02-28,2023-03-27,145.85,139.87,47,6854.95,139.87,160.81,137.87,SL,-281.06,-4.1,LOSS,122952.42248046873
283,AIAENG,swing,2023-03-21,2023-03-21,2023-03-27,2715.83,2885.82,2,5431.66,2602.51,2999.14,2564.73,PROFIT_BOOKING_1,339.98,6.26,PARTIAL_WIN,128724.06248046872
284,HINDZINC,swing,2023-03-28,2023-03-28,2023-04-13,265.31,281.41,25,6632.75,254.58,292.14,251.0,PROFIT_BOOKING_1,402.5,6.07,PARTIAL_WIN,95646.94248046873
285,JWL,swing,2023-04-06,2023-04-06,2023-04-26,102.41,112.63,66,6759.0599999999995,95.59,119.45,93.32,PROFIT_BOOKING_1,674.52,9.98,PARTIAL_WIN,89688.68248046873
286,AIAENG,swing,2023-03-21,2023-03-21,2023-04-28,2715.83,2602.51,3,8147.49,2602.51,2999.14,2564.73,SL,-339.96,-4.17,LOSS,97496.21248046873
287,CANFINHOME,swing,2023-04-06,2023-04-06,2023-04-28,544.31,580.51,12,6531.719999999999,520.17,604.65,512.13,PROFIT_BOOKING_1,434.4,6.65,PARTIAL_WIN,104462.33248046873
288,CANFINHOME,swing,2023-04-06,2023-04-06,2023-05-02,544.31,604.65,12,6531.719999999999,520.17,604.65,512.13,TARGET,724.08,11.09,WIN,98522.09248046872
289,ZYDUSLIFE,swing,2023-04-28,2023-04-28,2023-05-02,507.54,494.12,26,13196.04,494.12,541.1,489.64,SL,-348.92,-2.64,LOSS,111369.21248046872
290,RITES,swing,2023-05-02,2023-05-02,2023-05-04,188.88,179.46,72,13599.36,179.46,212.42,176.32,SL,-678.24,-4.99,LOSS,97107.37248046871
291,APOLLOTYRE,swing,2023-05-03,2023-05-03,2023-05-05,339.59,355.31,20,6791.799999999999,329.11,365.78,325.62,PROFIT_BOOKING_1,314.4,4.63,PARTIAL_WIN,104213.5724804687
292,APOLLOTYRE,swing,2023-05-03,2023-05-03,2023-05-09,339.59,365.78,20,6791.799999999999,329.11,365.78,325.62,TARGET,523.8,7.71,WIN,98044.14248046871
293,APLAPOLLO,swing,2023-04-21,2023-04-21,2023-05-10,1217.44,1165.12,11,13391.84,1165.12,1348.23,1147.68,SL,-575.52,-4.3,LOSS,97367.3024804687
294,APOLLOTYRE,swing,2023-05-09,2023-05-09,2023-05-10,364.68,353.15,37,13493.16,353.15,393.49,349.31,SL,-426.61,-3.16,LOSS,110433.8524804687
295,JWL,swing,2023-04-06,2023-04-06,2023-05-15,102.41,119.45,66,6759.0599999999995,95.59,119.45,93.32,TARGET,1124.64,16.64,WIN,118317.5524804687
296,RITES,swing,2023-05-05,2023-05-05,2023-05-16,189.93,179.38,71,13485.03,179.38,216.3,175.86,SL,-749.05,-5.55,LOSS,131053.5324804687
297,APARINDS,swing,2023-06-05,2023-06-05,2023-06-09,2707.17,2935.6,2,5414.34,2554.89,3087.88,2504.12,PROFIT_BOOKING_1,456.86,8.44,PARTIAL_WIN,96894.3724804687
298,JSL,swing,2023-06-01,2023-06-01,2023-06-12,288.65,313.86,23,6638.95,271.84,330.67,266.23,PROFIT_BOOKING_1,579.83,8.73,PARTIAL_WIN,104113.15248046869
299,JSL,swing,2023-06-01,2023-06-01,2023-06-14,288.65,330.67,24,6927.599999999999,271.84,330.67,266.23,TARGET,1008.48,14.56,WIN,112049.2324804687
300,BLUESTARCO,swing,2023-06-07,2023-06-07,2023-06-14,718.22,754.65,9,6463.9800000000005,693.93,778.94,685.83,PROFIT_BOOKING_1,327.87,5.07,PARTIAL_WIN,118841.0824804687
301,APARINDS,swing,2023-06-05,2023-06-05,2023-06-16,2707.17,3087.88,3,8121.51,2554.89,3087.88,2504.12,TARGET,1142.13,14.06,WIN,128104.7224804687
302,BLUESTARCO,swing,2023-06-07,2023-06-07,2023-06-20,718.22,778.94,9,6463.9800000000005,693.93,778.94,685.83,TARGET,546.48,8.45,WIN,95035.5324804687
303,IIFL,swing,2023-06-16,2023-06-16,2023-06-20,505.66,480.25,26,13147.16,480.25,569.17,471.78,SL,-660.66,-5.03,LOSS,107522.0324804687
304,SHYAMMETL,swing,2023-06-19,2023-06-19,2023-06-23,345.54,329.86,39,13476.060000000001,329.86,384.72,324.64,SL,-611.52,-4.54,LOSS,120386.57248046869
305,HINDZINC,swing,2023-03-28,2023-03-28,2023-06-26,265.31,268.994140625,26,6898.06,254.58,292.14,251.0,TIME_EXIT,95.79,1.39,WIN,127380.42013671869
306,BBTC,swing,2023-06-16,2023-06-16,2023-07-03,1035.11,980.64,13,13456.429999999998,980.64,1171.28,962.49,SL,-708.11,-5.26,LOSS,126749.91013671868
307,SHYAMMETL,swing,2023-06-27,2023-06-27,2023-07-10,361.59,344.06,37,13378.83,344.06,405.4,338.22,SL,-648.61,-4.85,LOSS,112394.05013671868
308,WELSPUNLIV,swing,2023-07-06,2023-07-06,2023-07-14,93.8,100.03,72,6753.599999999999,89.65,104.18,88.27,PROFIT_BOOKING_1,448.56,6.64,PARTIAL_WIN,92500.64013671868
309,MGL,swing,2023-07-12,2023-07-12,2023-07-14,1041.45,1008.4,13,13538.85,1008.4,1124.07,997.39,SL,-429.65,-3.17,LOSS,105609.84013671867
310,WELSPUNLIV,swing,2023-07-06,2023-07-06,2023-07-17,93.8,104.18,72,6753.599999999999,89.65,104.18,88.27,TARGET,747.36,11.07,WIN,99666.30013671868
311,IRFC,swing,2023-07-04,2023-07-04,2023-07-21,31.36,32.87,216,6773.76,30.36,33.87,30.02,PROFIT_BOOKING_1,326.16,4.82,PARTIAL_WIN,82549.80013671868
312,SONACOMS,swing,2023-07-14,2023-07-14,2023-07-21,537.78,565.48,12,6453.36,519.31,583.95,513.15,PROFIT_BOOKING_1,332.4,5.15,PARTIAL_WIN,89335.56013671868
313,IRFC,swing,2023-07-04,2023-07-04,2023-07-24,31.36,33.87,217,6805.12,30.36,33.87,30.02,TARGET,544.67,8.0,WIN,96685.35013671867
314,J&KBANK,swing,2023-07-12,2023-07-12,2023-07-25,69.88,65.86,194,13556.72,65.86,79.92,64.52,SL,-779.88,-5.75,LOSS,109462.19013671867
315,SONACOMS,swing,2023-07-14,2023-07-14,2023-07-25,537.78,583.95,13,6991.139999999999,519.31,583.95,513.15,TARGET,600.21,8.59,WIN,117053.54013671867
316,ALKEM,swing,2023-07-18,2023-07-18,2023-07-25,3567.53,3801.15,3,10702.59,3474.09,3801.15,3442.94,TARGET,700.86,6.55,WIN,128456.99013671867
317,SONACOMS,swing,2023-07-25,2023-07-25,2023-07-28,584.41,564.36,23,13441.429999999998,564.36,634.52,557.68,SL,-461.15,-3.43,LOSS,103114.88013671865
318,KIRLOSENG,swing,2023-07-20,2023-07-20,2023-07-31,409.51,444.35,16,6552.16,386.28,467.58,378.54,PROFIT_BOOKING_1,557.44,8.51,PARTIAL_WIN,96851.14013671866
319,TORNTPOWER,swing,2023-07-27,2023-07-27,2023-07-31,606.79,651.14,11,6674.69,577.23,680.7,567.37,PROFIT_BOOKING_1,487.85,7.31,PARTIAL_WIN,104013.68013671866
320,JBMA,swing,2023-07-28,2023-07-28,2023-08-02,703.86,651.7,19,13373.34,651.7,834.27,634.31,SL,-991.04,-7.41,LOSS,116395.98013671866
321,ALKEM,swing,2023-07-25,2023-07-25,2023-08-07,3843.86,4019.07,1,3843.86,3727.05,4135.88,3688.11,PROFIT_BOOKING_1,175.21,4.56,PARTIAL_WIN,120415.05013671867
322,ALKEM,swing,2023-07-25,2023-07-25,2023-08-10,3843.86,4135.88,2,7687.72,3727.05,4135.88,3688.11,TARGET,584.04,7.6,WIN,102407.21013671867
323,KIRLOSENG,swing,2023-07-20,2023-07-20,2023-08-11,409.51,467.58,17,6961.67,386.28,467.58,378.54,TARGET,987.19,14.18,WIN,110356.07013671867
324,JKCEMENT,swing,2023-08-08,2023-08-08,2023-08-14,3247.3,3139.71,4,12989.2,3139.71,3516.27,3103.84,SL,-430.36,-3.31,LOSS,122914.91013671867
325,PAYTM,swing,2023-08-08,2023-08-08,2023-08-23,830.65,905.67,8,6645.2,780.64,955.68,763.97,PROFIT_BOOKING_1,600.16,9.03,PARTIAL_WIN,105276.43013671866
326,TORNTPOWER,swing,2023-07-27,2023-07-27,2023-09-04,606.79,680.7,11,6674.69,577.23,680.7,567.37,TARGET,813.01,12.18,WIN,99434.53013671865
327,TITAN,swing,2023-08-14,2023-08-14,2023-09-05,2982.04,3099.62,2,5964.08,2903.66,3178.0,2877.53,PROFIT_BOOKING_1,235.16,3.94,PARTIAL_WIN,92115.37013671866
328,TITAN,swing,2023-08-14,2023-08-14,2023-09-11,2982.04,3178.0,2,5964.08,2903.66,3178.0,2877.53,TARGET,391.92,6.57,WIN,98471.37013671866
329,ABCAPITAL,swing,2023-09-04,2023-09-04,2023-09-12,190.4,183.39,71,13518.4,183.39,207.94,181.05,SL,-497.71,-3.68,LOSS,97900.38013671865
330,M&MFIN,swing,2023-09-11,2023-09-11,2023-09-12,283.16,272.16,48,13591.68,272.16,310.67,268.49,SL,-528.0,-3.88,LOSS,110964.06013671865
331,RAMCOCEM,swing,2023-09-12,2023-09-12,2023-09-20,894.73,864.82,15,13420.95,864.82,969.49,854.86,SL,-448.65,-3.34,LOSS,99607.97013671865
332,INDHOTEL,swing,2023-08-31,2023-08-31,2023-09-21,416.55,402.32,32,13329.6,402.32,452.14,397.57,SL,-455.36,-3.42,LOSS,99144.57013671866
333,SUNDARMFIN,swing,2023-09-13,2023-09-13,2023-09-21,2726.86,2889.86,2,5453.72,2618.19,2998.52,2581.97,PROFIT_BOOKING_1,326.0,5.98,PARTIAL_WIN,104924.29013671866
334,SUNDARMFIN,swing,2023-09-13,2023-09-13,2023-09-25,2726.86,2998.52,2,5453.72,2618.19,2998.52,2581.97,TARGET,543.32,9.96,WIN,110921.33013671865
335,BAJFINANCE,swing,2023-09-20,2023-09-20,2023-09-25,740.98,767.6,9,6668.82,723.23,785.34,717.32,PROFIT_BOOKING_1,239.58,3.59,PARTIAL_WIN,117829.73013671864
336,JBMA,swing,2023-08-16,2023-08-16,2023-09-28,719.76,662.04,18,12955.68,662.04,864.07,642.8,SL,-1038.96,-8.02,LOSS,103710.57013671864
337,SUNDARMFIN,swing,2023-09-26,2023-09-26,2023-09-28,3142.29,2991.53,4,12569.16,2991.53,3519.18,2941.28,SL,-603.04,-4.8,LOSS,115676.69013671864
338,BAJFINANCE,swing,2023-09-20,2023-09-20,2023-10-04,740.98,785.34,9,6668.82,723.23,785.34,717.32,TARGET,399.24,5.99,WIN,122744.75013671863
339,PAYTM,swing,2023-08-08,2023-08-08,2023-10-11,830.65,955.68,8,6645.2,780.64,955.68,763.97,TARGET,1000.24,15.05,WIN,130390.19013671864
340,BANKBARODA,swing,2023-09-25,2023-09-25,2023-10-11,198.04,190.04,68,13466.72,190.04,218.06,187.37,SL,-544.0,-4.04,LOSS,143312.91013671862
341,KPRMILL,swing,2023-10-13,2023-10-13,2023-10-18,739.29,793.13,9,6653.61,703.39,829.03,691.42,PROFIT_BOOKING_1,484.56,7.28,PARTIAL_WIN,98571.06013671862
342,MOTILALOFS,swing,2023-10-12,2023-10-12,2023-10-23,980.12,928.66,13,12741.56,928.66,1108.76,911.51,SL,-668.98,-5.25,LOSS,97340.14013671862
343,WOCKPHARMA,swing,2023-10-13,2023-10-13,2023-10-23,253.1,239.91,53,13414.3,239.91,286.08,235.51,SL,-699.07,-5.21,LOSS,110055.37013671861
344,CREDITACC,swing,2023-10-17,2023-10-17,2023-10-23,1379.66,1525.38,9,12416.94,1321.37,1525.38,1301.94,TARGET,1311.48,10.56,WIN,123783.79013671861
345,ICICIGI,swing,2023-10-18,2023-10-18,2023-10-23,1330.35,1388.53,5,6651.75,1291.56,1427.32,1278.64,PROFIT_BOOKING_1,290.9,4.37,PARTIAL_WIN,130726.44013671861
346,CREDITACC,swing,2023-10-23,2023-10-23,2023-10-27,1495.54,1600.17,4,5982.16,1425.79,1669.92,1402.54,PROFIT_BOOKING_1,418.52,7.0,PARTIAL_WIN,123667.2601367186
347,KPRMILL,swing,2023-10-13,2023-10-13,2023-10-30,739.29,829.03,9,6653.61,703.39,829.03,691.42,TARGET,807.66,12.14,WIN,131128.5301367186
348,CREDITACC,swing,2023-10-23,2023-10-23,2023-11-03,1495.54,1669.92,5,7477.7,1425.79,1669.92,1402.54,TARGET,871.9,11.66,WIN,129785.4101367186
349,ICICIGI,swing,2023-10-18,2023-10-18,2023-11-17,1330.35,1427.32,5,6651.75,1291.56,1427.32,1278.64,TARGET,484.85,7.29,WIN,97003.4101367186
350,JSL,swing,2023-11-08,2023-11-08,2023-11-17,464.22,501.79,14,6499.08,439.17,526.84,430.82,PROFIT_BOOKING_1,525.98,8.09,PARTIAL_WIN,104028.47013671859
351,CRAFTSMAN,swing,2023-10-31,2023-10-31,2023-11-20,4846.36,5242.12,1,4846.36,4582.52,5505.97,4494.57,PROFIT_BOOKING_1,395.76,8.17,PARTIAL_WIN,96491.95013671859
352,JSL,swing,2023-11-08,2023-11-08,2023-11-20,464.22,526.84,15,6963.3,439.17,526.84,430.82,TARGET,939.3,13.49,WIN,104394.5501367186
353,MFSL,swing,2023-11-09,2023-11-09,2023-11-21,929.25,985.16,7,6504.75,891.97,1022.44,879.55,PROFIT_BOOKING_1,391.37,6.02,PARTIAL_WIN,97920.81013671859
354,GLAND,swing,2023-11-17,2023-11-17,2023-11-24,1597.33,1779.43,8,12778.64,1524.5,1779.43,1500.22,TARGET,1456.8,11.4,WIN,112156.25013671859
355,MFSL,swing,2023-11-09,2023-11-09,2023-11-30,929.25,1022.44,7,6504.75,891.97,1022.44,879.55,TARGET,652.33,10.03,WIN,106155.33013671859
356,ARE&M,swing,2023-11-30,2023-11-30,2023-12-01,692.85,749.22,19,13164.15,670.31,749.22,662.79,TARGET,1071.03,8.14,WIN,107226.3601367186
357,BHARATFORG,swing,2023-11-24,2023-11-24,2023-12-04,1096.5,1149.42,6,6579.0,1061.22,1184.7,1049.46,PROFIT_BOOKING_1,317.52,4.83,PARTIAL_WIN,100612.62013671861
358,RVNL,swing,2023-11-08,2023-11-08,2023-12-11,160.08,173.88,42,6723.360000000001,150.88,183.08,147.81,PROFIT_BOOKING_1,579.6,8.62,PARTIAL_WIN,107915.58013671862
359,AJANTPHARM,swing,2023-11-20,2023-11-20,2023-12-11,1909.98,1822.86,7,13369.86,1822.86,2127.77,1793.82,SL,-609.84,-4.56,LOSS,120675.60013671863
360,RVNL,swing,2023-11-08,2023-11-08,2023-12-12,160.08,183.08,42,6723.360000000001,150.88,183.08,147.81,TARGET,966.0,14.37,WIN,114820.26013671863
361,BHARATFORG,swing,2023-11-24,2023-11-24,2023-12-12,1096.5,1184.7,6,6579.0,1061.22,1184.7,1049.46,TARGET,529.2,8.04,WIN,121928.46013671863
362,CHALET,swing,2023-12-11,2023-12-11,2023-12-13,588.9,627.94,11,6477.9,562.87,653.97,554.19,PROFIT_BOOKING_1,429.44,6.63,PARTIAL_WIN,102004.06013671863
363,CHALET,swing,2023-12-11,2023-12-11,2023-12-14,588.9,653.97,12,7066.799999999999,562.87,653.97,554.19,TARGET,780.84,11.05,WIN,109851.70013671863
364,HINDALCO,swing,2023-12-12,2023-12-12,2023-12-15,517.92,542.13,13,6732.959999999999,501.78,558.27,496.41,PROFIT_BOOKING_1,314.73,4.67,PARTIAL_WIN,105011.04013671863
365,DALBHARAT,swing,2023-12-14,2023-12-14,2023-12-19,2377.67,2292.25,5,11888.35,2292.25,2591.21,2263.78,SL,-427.1,-3.59,LOSS,116472.29013671863
366,ARE&M,swing,2023-12-01,2023-12-01,2023-12-20,750.57,720.29,18,13510.26,720.29,826.28,710.19,SL,-545.04,-4.03,LOSS,115838.42013671863
367,HINDALCO,swing,2023-12-12,2023-12-12,2023-12-20,517.92,558.27,13,6732.959999999999,501.78,558.27,496.41,TARGET,524.55,7.79,WIN,123095.93013671863
368,MAHABANK,swing,2023-12-19,2023-12-19,2023-12-20,44.01,42.09,309,13599.09,42.09,48.78,41.46,SL,-593.28,-4.36,LOSS,136101.74013671864
369,ADANIPORTS,swing,2023-12-12,2023-12-12,2023-12-21,1028.14,976.37,13,13365.820000000002,976.37,1157.59,959.11,SL,-673.01,-5.04,LOSS,148794.55013671864
370,GODREJIND,swing,2023-12-26,2023-12-26,2023-12-29,706.45,753.3,9,6358.05,675.22,784.53,664.81,PROFIT_BOOKING_1,421.65,6.63,PARTIAL_WIN,128609.50013671862
371,GODREJIND,swing,2023-12-26,2023-12-26,2024-01-01,706.45,784.53,10,7064.5,675.22,784.53,664.81,TARGET,780.8,11.05,WIN,136454.8001367186
372,GODREJIND,swing,2024-01-01,2024-01-01,2024-01-05,779.9,835.19,8,6239.2,743.04,872.06,730.75,PROFIT_BOOKING_1,442.32,7.09,PARTIAL_WIN,103768.2201367186
373,GODREJIND,swing,2024-01-01,2024-01-01,2024-01-08,779.9,872.06,9,7019.099999999999,743.04,872.06,730.75,TARGET,829.44,11.82,WIN,111616.7601367186
374,GODREJIND,swing,2024-01-08,2024-01-08,2024-01-09,878.6,831.51,15,13179.0,831.51,996.32,815.82,SL,-706.35,-5.36,LOSS,110910.4101367186
375,JINDALSAW,swing,2024-01-04,2024-01-04,2024-01-10,218.19,238.14,31,6763.89,204.89,251.44,200.46,PROFIT_BOOKING_1,618.45,9.14,PARTIAL_WIN,118292.75013671859
376,JINDALSAW,swing,2024-01-04,2024-01-04,2024-01-15,218.19,251.44,31,6763.89,204.89,251.44,200.46,TARGET,1030.75,15.24,WIN,119224.90013671858
377,MGL,swing,2024-01-01,2024-01-01,2024-01-16,1143.82,1209.71,5,5719.099999999999,1099.89,1253.65,1085.24,PROFIT_BOOKING_1,329.45,5.76,PARTIAL_WIN,125273.45013671859
378,INTELLECT,swing,2023-12-22,2023-12-22,2024-01-19,796.6,900.58,17,13542.2,755.01,900.58,741.14,TARGET,1767.66,13.05,WIN,127128.76013671859
379,MGL,swing,2024-01-01,2024-01-01,2024-01-19,1143.82,1253.65,6,6862.92,1099.89,1253.65,1085.24,TARGET,658.98,9.6,WIN,134650.6601367186
380,NIACL,swing,2024-01-19,2024-01-19,2024-01-23,236.89,221.08,57,13502.73,221.08,276.41,215.81,SL,-901.17,-6.67,LOSS,133749.4901367186
381,SOLARINDS,swing,2024-01-10,2024-01-10,2024-01-25,6862.49,6514.48,1,6862.49,6514.48,7732.52,6398.48,SL,-348.01,-5.07,LOSS,140263.97013671862
382,CRAFTSMAN,swing,2023-10-31,2023-10-31,2024-01-29,4846.36,4651.9599609375,1,4846.36,4582.52,5505.97,4494.57,TIME_EXIT,-194.4,-4.01,LOSS,144915.93009765612
383,SPLPETRO,swing,2024-01-29,2024-01-29,2024-02-02,563.89,604.15,12,6766.68,537.05,630.99,528.11,PROFIT_BOOKING_1,483.12,7.14,PARTIAL_WIN,100830.95009765612
384,LATENTVIEW,swing,2024-01-17,2024-01-17,2024-02-05,463.95,494.31,14,6495.3,443.71,514.54,436.97,PROFIT_BOOKING_1,425.04,6.54,PARTIAL_WIN,107751.29009765612
385,SPLPETRO,swing,2024-01-29,2024-01-29,2024-02-05,563.89,630.99,12,6766.68,537.05,630.99,528.11,TARGET,805.2,11.9,WIN,115323.17009765613
386,LATENTVIEW,swing,2024-01-17,2024-01-17,2024-02-06,463.95,514.54,15,6959.25,443.71,514.54,436.97,TARGET,758.85,10.9,WIN,109947.14009765613
387,NIACL,swing,2024-01-30,2024-01-30,2024-02-06,240.2,266.8,28,6725.599999999999,222.47,284.54,216.56,PROFIT_BOOKING_1,744.8,11.07,PARTIAL_WIN,117417.54009765612
388,NIACL,swing,2024-01-30,2024-01-30,2024-02-08,240.2,284.54,28,6725.599999999999,222.47,284.54,216.56,TARGET,1241.52,18.46,WIN,125384.66009765612
389,EICHERMOT,swing,2024-02-01,2024-02-01,2024-02-09,3840.3,3699.22,3,11520.900000000001,3699.22,4193.0,3652.2,SL,-423.24,-3.67,LOSS,110062.29009765612
390,SPLPETRO,swing,2024-02-05,2024-02-05,2024-02-09,623.53,590.78,21,13094.13,590.78,705.4,579.87,SL,-687.75,-5.25,LOSS,122468.67009765613
391,NIACL,swing,2024-02-08,2024-02-08,2024-02-12,296.87,273.49,45,13359.15,273.49,355.3,265.7,SL,-1052.1,-7.88,LOSS,134775.72009765613
392,ERIS,swing,2024-02-08,2024-02-08,2024-02-14,932.92,888.05,14,13060.88,888.05,1045.09,873.09,SL,-628.18,-4.81,LOSS,134924.97009765613
393,MPHASIS,swing,2024-02-13,2024-02-13,2024-02-16,2456.69,2633.27,2,4913.38,2338.97,2751.0,2299.72,PROFIT_BOOKING_1,353.16,7.19,PARTIAL_WIN,113709.77009765612
394,SBILIFE,swing,2024-02-01,2024-02-01,2024-02-23,1425.48,1514.78,4,5701.92,1365.95,1574.31,1346.11,PROFIT_BOOKING_1,357.2,6.26,PARTIAL_WIN,119768.89009765611
395,ADANIENSOL,swing,2024-02-23,2024-02-23,2024-02-26,1081.8,1169.61,6,6490.799999999999,1023.26,1228.16,1003.74,PROFIT_BOOKING_1,526.86,8.12,PARTIAL_WIN,113804.95009765611
396,TEGA,swing,2024-02-15,2024-02-15,2024-02-27,1310.46,1218.67,10,13104.6,1218.67,1539.94,1188.07,SL,-917.9,-7.0,LOSS,125991.65009765611
397,FLUOROCHEM,swing,2024-02-29,2024-02-29,2024-03-04,3696.17,3500.38,3,11088.51,3500.38,4185.64,3435.11,SL,-587.37,-5.3,LOSS,125404.28009765611
398,MPHASIS,swing,2024-02-13,2024-02-13,2024-03-06,2456.69,2338.97,3,7370.07,2338.97,2751.0,2299.72,SL,-353.16,-4.79,LOSS,119357.87009765612
399,SBIN,swing,2024-02-14,2024-02-14,2024-03-07,704.06,748.5,9,6336.539999999999,674.43,778.13,664.55,PROFIT_BOOKING_1,399.96,6.31,PARTIAL_WIN,115334.63009765612
400,FLUOROCHEM,swing,2024-03-06,2024-03-06,2024-03-12,3586.58,3366.37,3,10759.74,3366.37,4137.11,3292.97,SL,-660.63,-6.14,LOSS,125433.74009765612
401,ADANIENSOL,swing,2024-02-23,2024-02-23,2024-03-13,1081.8,1023.26,6,6490.799999999999,1023.26,1228.16,1003.74,SL,-351.24,-5.41,LOSS,131573.30009765612
402,ABREL,swing,2024-03-04,2024-03-04,2024-03-13,1451.48,1361.38,9,13063.32,1361.38,1676.73,1331.34,SL,-810.9,-6.21,LOSS,143825.72009765613
403,RPOWER,swing,2024-03-26,2024-03-26,2024-04-03,27.6,30.42,246,6789.6,25.72,32.3,25.09,PROFIT_BOOKING_1,693.72,10.22,PARTIAL_WIN,111448.46009765615
404,RPOWER,swing,2024-03-26,2024-03-26,2024-04-04,27.6,32.3,246,6789.6,25.72,32.3,25.09,TARGET,1156.2,17.03,WIN,119394.26009765615
405,GILLETTE,swing,2024-03-18,2024-03-18,2024-04-12,6444.49,6195.52,2,12888.98,6195.52,7066.92,6112.53,SL,-497.94,-3.86,LOSS,118190.25009765616
406,CENTRALBK,swing,2024-04-04,2024-04-04,2024-04-15,62.65,57.78,217,13595.05,57.78,74.82,56.16,SL,-1056.79,-7.77,LOSS,117706.41009765615
407,BDL,swing,2024-04-15,2024-04-15,2024-04-23,875.06,948.45,7,6125.42,826.13,997.38,809.82,PROFIT_BOOKING_1,513.73,8.39,PARTIAL_WIN,111219.66009765615
408,BDL,swing,2024-04-15,2024-04-15,2024-04-24,875.06,997.38,8,7000.48,826.13,997.38,809.82,TARGET,978.56,13.98,WIN,119198.70009765614
409,SBIN,swing,2024-02-14,2024-02-14,2024-04-29,704.06,778.13,10,7040.599999999999,674.43,778.13,664.55,TARGET,740.7,10.52,WIN,113402.48009765614
410,CENTRALBK,swing,2024-04-24,2024-04-24,2024-04-30,61.16,67.21,111,6788.759999999999,57.12,71.25,55.77,PROFIT_BOOKING_1,671.55,9.89,PARTIAL_WIN,107341.73009765614
411,SBILIFE,swing,2024-02-01,2024-02-01,2024-05-02,1425.48,1456.1005859375,5,7127.4,1365.95,1574.31,1346.11,TIME_EXIT,153.1,2.15,WIN,114622.23302734364
412,FSL,swing,2024-05-02,2024-05-02,2024-05-06,203.55,192.25,66,13434.300000000001,192.25,231.79,188.49,SL,-745.8,-5.55,LOSS,113876.43302734364
413,JINDALSAW,swing,2024-05-06,2024-05-06,2024-05-08,286.96,269.89,47,13487.119999999999,269.89,329.61,264.21,SL,-802.29,-5.95,LOSS,113074.14302734364
414,CENTRALBK,swing,2024-04-24,2024-04-24,2024-05-10,61.16,57.12,111,6788.759999999999,57.12,71.25,55.77,SL,-448.44,-6.61,LOSS,119414.46302734365
415,BPCL,swing,2024-04-29,2024-04-29,2024-05-24,275.94,295.49,24,6622.5599999999995,262.9,308.53,258.56,PROFIT_BOOKING_1,469.2,7.08,PARTIAL_WIN,112909.89302734364
416,POONAWALLA,swing,2024-03-26,2024-03-26,2024-05-27,478.3,449.8,28,13392.4,449.8,549.55,440.3,SL,-798.0,-5.96,LOSS,125504.29302734364
417,EIDPARRY,swing,2024-04-12,2024-04-12,2024-05-29,620.1,667.45,10,6201.0,588.53,699.02,578.01,PROFIT_BOOKING_1,473.5,7.64,PARTIAL_WIN,118784.03302734364
418,EIDPARRY,swing,2024-04-12,2024-04-12,2024-05-30,620.1,699.02,11,6821.1,588.53,699.02,578.01,TARGET,868.12,12.73,WIN,126473.25302734364
419,TVSMOTOR,swing,2024-05-27,2024-05-27,2024-05-31,2232.46,2135.04,6,13394.76,2135.04,2475.99,2102.57,SL,-584.52,-4.36,LOSS,139283.49302734365
420,MINDACORP,swing,2024-05-10,2024-05-10,2024-06-03,412.01,437.82,16,6592.16,394.8,455.03,389.07,PROFIT_BOOKING_1,412.96,6.26,PARTIAL_WIN,146288.61302734364
421,BPCL,swing,2024-04-29,2024-04-29,2024-06-04,275.94,262.9,25,6898.5,262.9,308.53,258.56,SL,-326.0,-4.73,LOSS,152861.11302734364
422,MINDACORP,swing,2024-05-10,2024-05-10,2024-06-06,412.01,455.03,17,7004.17,394.8,455.03,389.07,TARGET,731.34,10.44,WIN,148034.96302734365
423,TORNTPOWER,swing,2024-06-05,2024-06-05,2024-06-13,1395.74,1576.84,4,5582.96,1275.01,1697.57,1234.77,PROFIT_BOOKING_1,724.4,12.98,PARTIAL_WIN,109521.09302734365
424,INDHOTEL,swing,2024-06-07,2024-06-07,2024-06-20,580.8,627.83,11,6388.799999999999,549.45,659.18,538.99,PROFIT_BOOKING_1,517.33,8.1,PARTIAL_WIN,116427.22302734366
425,360ONE,swing,2024-06-10,2024-06-10,2024-06-26,776.9,852.93,8,6215.2,726.22,903.61,709.33,PROFIT_BOOKING_1,608.24,9.79,PARTIAL_WIN,123250.66302734366
426,360ONE,swing,2024-06-10,2024-06-10,2024-06-27,776.9,903.61,9,6992.099999999999,726.22,903.61,709.33,TARGET,1140.39,16.31,WIN,131383.15302734365
427,KALYANKJIL,swing,2024-06-27,2024-06-27,2024-06-28,473.85,516.76,14,6633.900000000001,445.24,545.36,435.71,PROFIT_BOOKING_1,600.74,9.06,PARTIAL_WIN,125349.99302734365
428,FORCEMOT,swing,2024-06-11,2024-06-11,2024-07-12,8977.41,8271.83,1,8977.41,8271.83,10741.34,8036.64,SL,-705.58,-7.86,LOSS,133621.82302734363
429,BAJAJ-AUTO,swing,2024-06-07,2024-06-07,2024-07-22,9278.12,8918.79,1,9278.12,8918.79,10176.43,8799.02,SL,-359.33,-3.87,LOSS,128963.09302734362
430,KALYANKJIL,swing,2024-06-27,2024-06-27,2024-07-23,473.85,545.36,14,6633.900000000001,445.24,545.36,435.71,TARGET,1001.14,15.09,WIN,136598.13302734363
431,HINDZINC,swing,2024-07-12,2024-07-12,2024-07-23,617.16,577.67,22,13577.519999999999,577.67,715.87,564.51,SL,-868.78,-6.4,LOSS,149306.87302734362
432,IDBI,swing,2024-07-24,2024-07-24,2024-07-29,95.46,104.73,71,6777.66,89.28,110.91,87.22,PROFIT_BOOKING_1,658.17,9.71,PARTIAL_WIN,116360.24302734363
433,TORNTPOWER,swing,2024-06-05,2024-06-05,2024-07-31,1395.74,1697.57,5,6978.7,1275.01,1697.57,1234.77,TARGET,1509.15,21.63,WIN,124848.09302734364
434,HBLENGINE,swing,2024-07-24,2024-07-24,2024-08-02,645.59,584.7,21,13557.390000000001,584.7,797.82,564.4,SL,-1278.69,-9.43,LOSS,123702.62302734364
435,SAREGAMA,swing,2024-07-24,2024-07-24,2024-08-05,530.79,503.08,25,13269.75,503.08,600.05,493.85,SL,-692.75,-5.22,LOSS,122683.89302734364
436,IDBI,swing,2024-07-24,2024-07-24,2024-08-06,95.46,89.28,71,6777.66,89.28,110.91,87.22,SL,-438.78,-6.47,LOSS,129022.77302734365
437,BPCL,swing,2024-07-31,2024-07-31,2024-08-06,312.19,297.82,43,13424.17,297.82,348.13,293.02,SL,-617.91,-4.6,LOSS,141829.03302734366
438,JPPOWER,swing,2024-08-02,2024-08-02,2024-08-06,19.79,18.53,687,13595.73,18.53,22.95,18.11,SL,-865.62,-6.37,LOSS,154559.14302734367
439,VIJAYA,swing,2024-08-09,2024-08-09,2024-08-20,826.75,894.27,8,6614.0,781.75,939.28,766.74,PROFIT_BOOKING_1,540.16,8.17,PARTIAL_WIN,148485.30302734367
440,INDHOTEL,swing,2024-06-07,2024-06-07,2024-08-26,580.8,659.18,12,6969.599999999999,549.45,659.18,538.99,TARGET,940.56,13.5,WIN,117278.08302734367
441,ASAHIINDIA,swing,2024-08-26,2024-08-26,2024-08-29,661.0,631.73,20,13220.0,631.73,734.16,621.98,SL,-585.4,-4.43,LOSS,116692.68302734368
442,CHOLAFIN,swing,2024-08-21,2024-08-21,2024-09-03,1396.86,1495.62,4,5587.44,1331.02,1561.46,1309.07,PROFIT_BOOKING_1,395.04,7.07,PARTIAL_WIN,109841.76302734368
443,VIJAYA,swing,2024-08-09,2024-08-09,2024-09-05,826.75,939.28,8,6614.0,781.75,939.28,766.74,TARGET,900.24,13.61,WIN,117356.00302734369
444,AAVAS,swing,2024-09-05,2024-09-05,2024-09-09,1815.75,1924.58,3,5447.25,1743.19,1997.14,1719.01,PROFIT_BOOKING_1,326.49,5.99,PARTIAL_WIN,110419.49302734369
445,CANFINHOME,swing,2024-08-29,2024-08-29,2024-09-10,855.56,822.06,15,12833.4,822.06,939.31,810.9,SL,-502.5,-3.92,LOSS,122750.39302734369
446,CHOLAFIN,swing,2024-08-21,2024-08-21,2024-09-12,1396.86,1561.46,5,6984.299999999999,1331.02,1561.46,1309.07,TARGET,823.0,11.78,WIN,117185.8730273437
447,BLUESTARCO,swing,2024-09-12,2024-09-12,2024-09-16,1799.14,1926.41,3,5397.42,1714.3,2011.25,1686.02,PROFIT_BOOKING_1,381.81,7.07,PARTIAL_WIN,110371.1230273437
448,ASAHIINDIA,swing,2024-09-10,2024-09-10,2024-09-17,703.78,668.65,19,13371.82,668.65,791.59,656.94,SL,-667.47,-4.99,LOSS,123075.4730273437
449,MOTHERSON,swing,2024-08-20,2024-08-20,2024-09-18,124.96,135.4,54,6747.839999999999,118.0,142.36,115.69,PROFIT_BOOKING_1,563.76,8.35,PARTIAL_WIN,117572.12302734371
450,BLUESTARCO,swing,2024-09-12,2024-09-12,2024-09-23,1799.14,2011.25,4,7196.56,1714.3,2011.25,1686.02,TARGET,848.44,11.79,WIN,125617.12302734371
451,BLUESTARCO,swing,2024-09-23,2024-09-23,2024-09-26,1993.45,2147.9,3,5980.35,1890.48,2250.87,1856.16,PROFIT_BOOKING_1,463.35,7.75,PARTIAL_WIN,120100.12302734371
452,MOTHERSON,swing,2024-08-20,2024-08-20,2024-09-27,124.96,142.36,54,6747.839999999999,118.0,142.36,115.69,TARGET,939.6,13.92,WIN,127787.56302734371
453,SPLPETRO,swing,2024-09-17,2024-09-17,2024-10-03,854.33,817.0,15,12814.95,817.0,947.65,804.56,SL,-559.95,-4.37,LOSS,127667.14302734371
454,AAVAS,swing,2024-09-05,2024-09-05,2024-10-04,1815.75,1743.19,4,7263.0,1743.19,1997.14,1719.01,SL,-290.24,-4.0,LOSS,134639.9030273437
455,ELGIEQUIP,swing,2024-08-23,2024-08-23,2024-10-07,686.84,641.28,19,13049.960000000001,641.28,800.74,626.1,SL,-865.64,-6.63,LOSS,146824.22302734372
456,BRITANNIA,swing,2024-09-27,2024-09-27,2024-10-07,6187.71,6028.52,2,12375.42,6028.52,6585.69,5975.45,SL,-318.38,-2.57,LOSS,158881.26302734372
457,BLUESTARCO,swing,2024-09-23,2024-09-23,2024-10-08,1993.45,1890.48,3,5980.35,1890.48,2250.87,1856.16,SL,-308.91,-5.17,LOSS,164552.70302734373
458,INDIAMART,swing,2024-10-10,2024-10-10,2024-10-21,2849.61,2715.88,4,11398.44,2715.88,3183.96,2671.3,SL,-534.92,-4.69,LOSS,124388.62302734371
459,GICRE,swing,2024-10-14,2024-10-14,2024-10-21,388.97,370.1,34,13224.980000000001,370.1,436.15,363.81,SL,-641.58,-4.85,LOSS,136972.0230273437
460,NETWEB,swing,2024-10-17,2024-10-17,2024-10-21,2581.62,2852.66,2,5163.24,2400.93,3033.36,2340.7,PROFIT_BOOKING_1,542.08,10.5,PARTIAL_WIN,142677.3430273437
461,SUNPHARMA,swing,2024-10-28,2024-10-28,2024-10-30,1868.23,1813.94,7,13077.61,1813.94,2003.95,1795.85,SL,-380.03,-2.91,LOSS,142297.3130273437
462,KARURVYSYA,swing,2024-10-17,2024-10-17,2024-11-07,177.58,190.88,38,6748.040000000001,168.72,199.74,165.76,PROFIT_BOOKING_1,505.4,7.49,PARTIAL_WIN,111190.64302734371
463,CANFINHOME,swing,2024-10-30,2024-10-30,2024-11-11,857.4,811.77,15,12861.0,811.77,971.49,796.56,SL,-684.45,-5.32,LOSS,123367.19302734372
464,CCL,swing,2024-11-06,2024-11-06,2024-11-13,713.65,676.35,19,13559.35,676.35,806.91,663.91,SL,-708.7,-5.23,LOSS,122952.8030273437
465,KALYANKJIL,swing,2024-11-11,2024-11-11,2024-11-14,698.16,654.34,19,13265.039999999999,654.34,807.71,639.73,SL,-832.58,-6.28,LOSS,135385.2630273437
466,NETWEB,swing,2024-10-17,2024-10-17,2024-11-27,2581.62,3033.36,3,7744.86,2400.93,3033.36,2340.7,TARGET,1355.22,17.5,WIN,119034.2530273437
467,KARURVYSYA,swing,2024-10-17,2024-10-17,2024-11-29,177.58,199.74,38,6748.040000000001,168.72,199.74,165.76,TARGET,842.08,12.48,WIN,113318.2830273437
468,CONCORDBIO,swing,2024-11-22,2024-11-22,2024-12-02,1994.56,2179.23,3,5983.68,1871.45,2302.34,1830.41,PROFIT_BOOKING_1,554.01,9.26,PARTIAL_WIN,106954.4730273437
469,KALYANKJIL,swing,2024-11-21,2024-11-21,2024-12-10,709.67,778.88,9,6387.03,663.54,825.02,648.16,PROFIT_BOOKING_1,622.89,9.75,PARTIAL_WIN,113964.3930273437
470,MUTHOOTFIN,swing,2024-11-27,2024-11-27,2024-12-11,1900.87,2017.58,3,5702.61,1823.06,2095.4,1797.12,PROFIT_BOOKING_1,350.13,6.14,PARTIAL_WIN,120017.1330273437
471,COROMANDEL,swing,2024-11-06,2024-11-06,2024-12-17,1705.68,1822.19,3,5117.04,1628.01,1899.87,1602.12,PROFIT_BOOKING_1,349.53,6.83,PARTIAL_WIN,125483.7030273437
472,MUTHOOTFIN,swing,2024-11-27,2024-11-27,2024-12-19,1900.87,2095.4,4,7603.48,1823.06,2095.4,1797.12,TARGET,778.12,10.23,WIN,133865.3030273437
473,GICRE,swing,2024-12-20,2024-12-20,2024-12-23,487.55,459.11,27,13163.85,459.11,558.66,449.63,SL,-767.88,-5.83,LOSS,133097.4230273437
474,CONCORDBIO,swing,2024-11-22,2024-11-22,2024-12-31,1994.56,2302.34,3,5983.68,1871.45,2302.34,1830.41,TARGET,923.34,15.43,WIN,140004.4430273437
475,COROMANDEL,swing,2024-11-06,2024-11-06,2025-01-01,1705.68,1899.87,4,6822.72,1628.01,1899.87,1602.12,TARGET,776.76,11.38,WIN,147603.9230273437
476,ICICIBANK,swing,2024-11-29,2024-11-29,2025-01-03,1290.15,1253.47,10,12901.5,1253.47,1381.83,1241.25,SL,-366.8,-2.84,LOSS,160138.6230273437
477,KALYANKJIL,swing,2024-11-21,2024-11-21,2025-01-08,709.67,663.54,10,7096.7,663.54,825.02,648.16,SL,-461.3,-6.5,LOSS,142177.8830273437
478,POLYMED,swing,2025-01-03,2025-01-03,2025-01-13,2770.44,2596.9,4,11081.76,2596.9,3204.27,2539.06,SL,-694.16,-6.26,LOSS,152565.4830273437
479,PATANJALI,swing,2025-01-06,2025-01-06,2025-01-13,614.29,587.36,22,13514.38,587.36,681.61,578.39,SL,-592.46,-4.38,LOSS,165487.4030273437
480,PATANJALI,swing,2025-01-14,2025-01-14,2025-01-27,604.07,577.16,22,13289.54,577.16,671.35,568.19,SL,-592.02,-4.45,LOSS,164895.3830273437
481,CUB,swing,2025-02-04,2025-02-04,2025-02-11,131.4,125.08,103,13534.2,125.08,147.19,122.98,SL,-650.96,-4.81,LOSS,125104.92302734368
482,RPOWER,swing,2025-02-06,2025-02-06,2025-02-11,42.39,39.25,320,13564.8,39.25,50.25,38.2,SL,-1004.8,-7.41,LOSS,137664.9230273437
483,SARDAEN,swing,2025-02-07,2025-02-07,2025-02-11,465.08,434.38,29,13487.32,434.38,541.84,424.14,SL,-890.3,-6.6,LOSS,150261.9430273437
484,DIVISLAB,swing,2025-02-04,2025-02-04,2025-02-14,6043.69,5730.62,2,12087.38,5730.62,6826.39,5626.26,SL,-626.14,-5.18,LOSS,161723.18302734368
485,SARDAEN,swing,2025-02-19,2025-02-19,2025-02-28,481.04,445.91,28,13469.12,445.91,568.87,434.2,SL,-983.64,-7.3,LOSS,160739.5430273437
486,PGEL,swing,2025-03-10,2025-03-10,2025-03-17,898.65,822.42,15,13479.75,822.42,1089.24,797.01,SL,-1143.45,-8.48,LOSS,146646.81302734368
487,MINDACORP,swing,2025-03-24,2025-03-24,2025-04-04,539.61,508.72,25,13490.25,508.72,616.84,498.42,SL,-772.25,-5.72,LOSS,133396.86302734367
488,WELCORP,swing,2025-03-11,2025-03-11,2025-04-07,809.33,750.09,16,12949.28,750.09,957.43,730.35,SL,-947.84,-7.32,LOSS,145398.30302734367
489,LLOYDSME,swing,2025-03-19,2025-03-19,2025-04-07,1247.77,1161.58,10,12477.7,1161.58,1463.24,1132.85,SL,-861.9,-6.91,LOSS,157014.10302734366
490,REDINGTON,swing,2025-04-23,2025-04-23,2025-05-12,227.9,254.96,29,6609.1,209.86,273.0,203.85,PROFIT_BOOKING_1,784.74,11.87,PARTIAL_WIN,150961.84302734365
491,REDINGTON,swing,2025-04-23,2025-04-23,2025-05-19,227.9,273.0,30,6837.0,209.86,273.0,203.85,TARGET,1353.0,19.79,WIN,159151.84302734365
492,REDINGTON,swing,2025-05-19,2025-05-19,2025-05-20,268.18,292.71,25,6704.5,251.83,309.07,246.37,PROFIT_BOOKING_1,613.25,9.15,PARTIAL_WIN,153060.59302734365
493,REDINGTON,swing,2025-05-19,2025-05-19,2025-05-27,268.18,251.83,25,6704.5,251.83,309.07,246.37,SL,-408.75,-6.1,LOSS,159356.34302734365
494,WELCORP,swing,2025-05-29,2025-05-29,2025-06-05,887.25,955.93,7,6210.75,841.46,1001.72,826.2,PROFIT_BOOKING_1,480.76,7.74,PARTIAL_WIN,139798.20302734367
495,MANAPPURAM,swing,2025-06-06,2025-06-06,2025-06-09,245.82,264.48,55,13520.1,238.35,264.48,235.86,TARGET,1026.3,7.59,WIN,140824.50302734366
496,PAYTM,swing,2025-06-02,2025-06-02,2025-06-12,924.35,877.14,14,12940.9,877.14,1042.37,861.4,SL,-660.94,-5.11,LOSS,115074.94302734366
497,MANAPPURAM,swing,2025-06-09,2025-06-09,2025-06-13,262.92,276.38,25,6573.0,253.94,285.35,250.95,PROFIT_BOOKING_1,336.5,5.12,PARTIAL_WIN,121984.44302734366
498,WOCKPHARMA,swing,2025-06-11,2025-06-11,2025-06-13,1831.1,1709.1,7,12817.699999999999,1709.1,2136.1,1668.43,SL,-854.0,-6.66,LOSS,133948.14302734367
499,COROMANDEL,swing,2025-06-11,2025-06-11,2025-06-27,2360.58,2229.65,5,11802.9,2229.65,2687.9,2186.0,SL,-654.65,-5.55,LOSS,118015.07302734366
500,COROMANDEL,swing,2025-06-27,2025-06-27,2025-07-02,2411.14,2262.66,5,12055.699999999999,2262.66,2782.33,2213.17,SL,-742.4,-6.16,LOSS,117272.67302734367
501,ASTERDM,swing,2025-06-17,2025-06-17,2025-07-03,564.43,638.19,24,13546.32,534.93,638.19,525.1,TARGET,1770.24,13.07,WIN,132589.23302734367
502,ASTERDM,swing,2025-07-03,2025-07-03,2025-07-07,646.14,612.75,21,13568.94,612.75,729.6,601.63,SL,-701.19,-5.17,LOSS,120943.50302734366
503,AMBER,swing,2025-07-10,2025-07-10,2025-07-11,7753.0,7402.06,1,7753.0,7402.06,8630.35,7285.08,SL,-350.94,-4.53,LOSS,120592.56302734365
504,CEATLTD,swing,2025-07-03,2025-07-03,2025-07-14,3648.18,3887.94,1,3648.18,3488.35,4047.77,3435.07,PROFIT_BOOKING_1,239.76,6.57,PARTIAL_WIN,124480.50302734366
505,KIMS,swing,2025-06-26,2025-06-26,2025-07-16,676.75,729.24,10,6767.5,641.76,764.24,630.09,PROFIT_BOOKING_1,524.9,7.76,PARTIAL_WIN,118608.15302734365
506,KIMS,swing,2025-06-26,2025-06-26,2025-07-18,676.75,764.24,10,6767.5,641.76,764.24,630.09,TARGET,874.9,12.93,WIN,126250.55302734365
507,CEATLTD,swing,2025-07-03,2025-07-03,2025-07-22,3648.18,3488.35,2,7296.36,3488.35,4047.77,3435.07,SL,-319.66,-4.38,LOSS,120335.36302734364
508,CAPLIPOINT,swing,2025-07-23,2025-07-23,2025-07-25,2102.11,2024.83,6,12612.66,2024.83,2295.3,1999.07,SL,-463.68,-3.68,LOSS,119871.68302734364
509,MANAPPURAM,swing,2025-06-09,2025-06-09,2025-07-30,262.92,253.94,26,6835.92,253.94,285.35,250.95,SL,-233.48,-3.42,LOSS,126474.12302734364
510,HEG,swing,2025-07-14,2025-07-14,2025-07-31,526.59,590.66,25,13164.75,500.96,590.66,492.41,TARGET,1601.75,12.17,WIN,141240.62302734365
511,KPRMILL,swing,2025-07-18,2025-07-18,2025-07-31,1171.99,1112.59,11,12891.89,1112.59,1320.48,1092.79,SL,-653.4,-5.07,LOSS,153479.11302734364
512,BANKINDIA,swing,2025-08-19,2025-08-19,2025-08-26,112.81,109.33,120,13537.2,109.33,121.48,108.18,SL,-417.6,-3.08,LOSS,126825.87302734364
513,WELCORP,swing,2025-05-29,2025-05-29,2025-08-28,887.25,871.306884765625,8,7098.0,841.46,1001.72,826.2,TIME_EXIT,-127.54,-1.8,LOSS,133796.32810546865
514,GODREJIND,swing,2025-08-18,2025-08-18,2025-09-02,1273.9,1208.95,10,12739.0,1208.95,1436.26,1187.31,SL,-649.5,-5.1,LOSS,133405.31810546864
515,MANAPPURAM,swing,2025-08-14,2025-08-14,2025-09-03,264.64,282.82,25,6616.0,252.52,294.94,248.48,PROFIT_BOOKING_1,454.5,6.87,PARTIAL_WIN,140475.81810546864
516,ERIS,swing,2025-08-28,2025-08-28,2025-09-08,1782.93,1691.51,7,12480.51,1691.51,2011.49,1661.03,SL,-639.94,-5.13,LOSS,152316.38810546865
517,MANAPPURAM,swing,2025-08-14,2025-08-14,2025-09-16,264.64,294.94,26,6880.639999999999,252.52,294.94,248.48,TARGET,787.8,11.45,WIN,106883.73810546866
518,GMRAIRPORT,swing,2025-09-16,2025-09-16,2025-09-24,92.84,89.93,146,13554.640000000001,89.93,100.1,88.97,SL,-424.86,-3.13,LOSS,106458.87810546866
519,IDBI,swing,2025-09-10,2025-09-10,2025-09-26,94.76,89.93,143,13550.68,89.93,106.83,88.33,SL,-690.69,-5.1,LOSS,105862.51810546865
520,AFFLE,swing,2025-09-09,2025-09-09,2025-09-29,2070.2,1985.11,6,12421.199999999999,1985.11,2282.93,1956.75,SL,-510.54,-4.11,LOSS,104365.01810546865
521,NAM-INDIA,swing,2025-09-26,2025-09-26,2025-10-06,838.01,883.46,8,6704.08,807.71,913.76,797.61,PROFIT_BOOKING_1,363.6,5.42,PARTIAL_WIN,97865.01810546865
522,SHYAMMETL,swing,2025-10-03,2025-10-03,2025-10-07,969.12,930.43,14,13567.68,930.43,1065.85,917.53,SL,-541.66,-3.99,LOSS,110891.03810546866
523,TATASTEEL,swing,2025-09-09,2025-09-09,2025-10-09,165.73,173.3,41,6794.929999999999,160.69,178.35,159.0,PROFIT_BOOKING_1,310.37,4.57,PARTIAL_WIN,117996.33810546866
524,NAM-INDIA,swing,2025-09-26,2025-09-26,2025-10-17,838.01,913.76,8,6704.08,807.71,913.76,797.61,TARGET,606.0,9.04,WIN,114871.99810546867
525,TVSMOTOR,swing,2025-10-10,2025-10-10,2025-10-17,3478.14,3624.55,1,3478.14,3380.54,3722.15,3348.01,PROFIT_BOOKING_1,146.41,4.21,PARTIAL_WIN,118496.54810546867
526,CUB,swing,2025-09-24,2025-09-24,2025-10-20,158.31,167.73,42,6649.02,152.03,174.02,149.93,PROFIT_BOOKING_1,395.64,5.95,PARTIAL_WIN,125541.20810546867
527,CUB,swing,2025-09-24,2025-09-24,2025-10-23,158.31,174.02,43,6807.33,152.03,174.02,149.93,TARGET,675.53,9.92,WIN,133024.06810546867
528,TATASTEEL,swing,2025-09-09,2025-09-09,2025-10-28,165.73,178.35,41,6794.929999999999,160.69,178.35,159.0,TARGET,517.42,7.61,WIN,126826.42810546867
529,SAIL,swing,2025-09-08,2025-09-08,2025-10-29,131.45,139.17,51,6703.95,126.3,144.32,124.58,PROFIT_BOOKING_1,393.72,5.87,PARTIAL_WIN,133924.09810546867
530,TVSMOTOR,swing,2025-10-10,2025-10-10,2025-11-07,3478.14,3380.54,2,6956.28,3380.54,3722.15,3348.01,SL,-195.2,-2.81,LOSS,114186.87810546867
531,SYRMA,swing,2025-10-29,2025-10-29,2025-11-07,816.95,768.88,16,13071.2,768.88,937.12,752.86,SL,-769.12,-5.88,LOSS,126488.95810546867
532,CGPOWER,swing,2025-11-04,2025-11-04,2025-11-07,745.95,719.21,18,13427.1,719.21,812.81,710.29,SL,-481.32,-3.58,LOSS,139434.73810546868
533,SAIL,swing,2025-09-08,2025-09-08,2025-11-10,131.45,144.32,52,6835.4,126.3,144.32,124.58,TARGET,669.24,9.79,WIN,133605.33810546866
534,LEMONTREE,swing,2025-10-23,2025-10-23,2025-11-11,166.79,160.3,81,13509.99,160.3,183.0,158.14,SL,-525.69,-3.89,LOSS,120708.03810546866
535,SYRMA,swing,2025-11-10,2025-11-10,2025-11-11,808.05,877.5,8,6464.4,761.75,923.8,746.32,PROFIT_BOOKING_1,555.6,8.59,PARTIAL_WIN,127728.03810546866
536,MFSL,swing,2025-11-10,2025-11-10,2025-11-12,1619.1,1699.28,4,6476.4,1565.64,1752.74,1547.83,PROFIT_BOOKING_1,320.72,4.95,PARTIAL_WIN,134525.15810546867
537,HONASA,swing,2025-11-17,2025-11-17,2025-12-03,298.85,282.24,45,13448.250000000002,282.24,340.38,276.7,SL,-747.45,-5.56,LOSS,126652.20810546867
538,SYRMA,swing,2025-11-10,2025-11-10,2025-12-05,808.05,761.75,8,6464.4,761.75,923.8,746.32,SL,-370.4,-5.73,LOSS,132746.20810546866
539,LEMONTREE,swing,2025-12-05,2025-12-05,2025-12-08,164.53,158.49,82,13491.460000000001,158.49,179.62,156.48,SL,-495.28,-3.67,LOSS,132250.92810546866
540,APLAPOLLO,swing,2025-12-17,2025-12-17,2025-12-22,1764.5,1837.86,3,5293.5,1715.6,1886.76,1699.29,PROFIT_BOOKING_1,220.08,4.16,PARTIAL_WIN,111871.29810546867
541,APLAPOLLO,swing,2025-12-17,2025-12-17,2025-12-26,1764.5,1886.76,4,7058.0,1715.6,1886.76,1699.29,TARGET,489.04,6.93,WIN,119418.33810546866
542,UPL,swing,2025-11-07,2025-11-07,2025-12-30,740.78,778.79,9,6667.0199999999995,715.44,804.12,707.0,PROFIT_BOOKING_1,342.09,5.13,PARTIAL_WIN,113224.74810546867
543,APLAPOLLO,swing,2025-12-26,2025-12-26,2026-01-01,1886.1,1963.06,3,5658.299999999999,1834.79,2014.37,1817.69,PROFIT_BOOKING_1,230.88,4.08,PARTIAL_WIN,119113.92810546866
544,UPL,swing,2025-11-07,2025-11-07,2026-01-02,740.78,804.12,9,6667.0199999999995,715.44,804.12,707.0,TARGET,570.06,8.55,WIN,126351.00810546866
545,EICHERMOT,swing,2025-11-20,2025-11-20,2026-01-05,7125.5,7446.96,1,7125.5,6911.19,7661.27,6839.76,PROFIT_BOOKING_1,321.46,4.51,WIN,120453.64810546867
546,UNIONBANK,swing,2025-12-16,2025-12-16,2026-01-05,148.81,157.08,45,6696.45,143.29,162.6,141.45,PROFIT_BOOKING_1,372.15,5.56,PARTIAL_WIN,127522.24810546868
547,BIOCON,swing,2026-01-02,2026-01-02,2026-01-08,392.48,379.85,34,13344.32,379.85,424.05,375.65,SL,-429.42,-3.22,LOSS,127101.54810546868
548,UNOMINDA,swing,2026-01-05,2026-01-05,2026-01-08,1333.56,1287.98,10,13335.599999999999,1287.98,1447.5,1272.78,SL,-455.8,-3.42,LOSS,139981.34810546867
549,UNIONBANK,swing,2025-12-16,2025-12-16,2026-01-14,148.81,162.6,46,6845.26,143.29,162.6,141.45,TARGET,634.34,9.27,WIN,147460.94810546868
550,UNIONBANK,swing,2026-01-14,2026-01-14,2026-01-21,174.13,167.33,78,13582.14,167.33,191.12,165.07,SL,-530.4,-3.91,LOSS,146930.54810546868
551,APLAPOLLO,swing,2025-12-26,2025-12-26,2026-01-23,1886.1,2014.37,4,7544.4,1834.79,2014.37,1817.69,TARGET,513.08,6.8,WIN,141418.9081054687
552,MFSL,swing,2025-11-10,2025-11-10,2026-01-27,1619.1,1565.64,4,6476.4,1565.64,1752.74,1547.83,SL,-213.84,-3.3,LOSS,147681.4681054687
553,UNIONBANK,swing,2026-01-21,2026-01-21,2026-01-29,167.52,178.06,40,6700.8,160.5,185.09,158.16,PROFIT_BOOKING_1,421.6,6.29,PARTIAL_WIN,154803.8681054687
554,UNIONBANK,swing,2026-01-21,2026-01-21,2026-02-02,167.52,160.5,41,6868.320000000001,160.5,185.09,158.16,SL,-287.82,-4.19,LOSS,161384.3681054687
555,HEROMOTOCO,swing,2026-02-04,2026-02-04,2026-02-16,5656.42,5439.92,2,11312.84,5439.92,6197.68,5367.75,SL,-433.0,-3.83,LOSS,136307.31810546867
556,CEATLTD,swing,2026-02-03,2026-02-03,2026-02-24,3880.7,3690.29,3,11642.099999999999,3690.29,4356.73,3626.82,SL,-571.23,-4.91,LOSS,133992.30810546866
557,M&MFIN,swing,2026-02-23,2026-02-23,2026-03-04,371.83,351.56,36,13385.88,351.56,422.53,344.8,SL,-729.72,-5.45,LOSS,146648.46810546867
558,GPIL,swing,2026-03-12,2026-03-12,2026-03-16,264.7,248.72,51,13499.699999999999,248.72,304.66,243.39,SL,-814.98,-6.04,LOSS,132247.32810546865
559,NMDC,swing,2026-03-12,2026-03-12,2026-03-16,80.87,76.81,168,13586.16,76.81,91.02,75.46,SL,-682.08,-5.02,LOSS,145151.40810546864
560,CCL,swing,2026-02-04,2026-02-04,2026-03-20,1000.15,1074.14,6,6000.9,950.82,1123.47,934.38,PROFIT_BOOKING_1,443.94,7.4,PARTIAL_WIN,151596.24810546864
561,CCL,swing,2026-02-04,2026-02-04,2026-04-06,1000.15,1123.47,7,7001.05,950.82,1123.47,934.38,TARGET,863.24,12.33,WIN,145872.83810546863
562,GPIL,swing,2026-03-25,2026-03-25,2026-04-15,277.3,303.87,24,6655.200000000001,259.59,321.58,253.68,PROFIT_BOOKING_1,637.68,9.58,PARTIAL_WIN,99776.26810546865
563,NMDC,swing,2026-04-06,2026-04-06,2026-04-15,81.4,87.73,83,6756.200000000001,77.18,91.95,75.78,PROFIT_BOOKING_1,525.39,7.78,PARTIAL_WIN,107057.85810546865
564,SCI,swing,2026-04-10,2026-04-10,2026-04-16,243.29,284.69,55,13380.949999999999,226.73,284.69,221.21,TARGET,2277.0,17.02,WIN,122715.80810546865
565,CIEINDIA,swing,2026-04-07,2026-04-07,2026-04-17,452.15,494.35,15,6782.25,424.02,522.48,414.64,PROFIT_BOOKING_1,633.0,9.33,PARTIAL_WIN,116551.34810546864
566,JINDALSTEL,swing,2026-04-07,2026-04-07,2026-04-17,1168.2,1265.64,5,5841.0,1103.24,1330.6,1081.59,PROFIT_BOOKING_1,487.2,8.34,PARTIAL_WIN,122879.54810546864
567,SCI,swing,2026-04-16,2026-04-16,2026-04-17,288.93,319.5,23,6645.39,268.55,339.88,261.76,PROFIT_BOOKING_1,703.11,10.58,PARTIAL_WIN,130228.04810546864
568,NMDC,swing,2026-04-06,2026-04-06,2026-04-29,81.4,91.95,84,6837.6,77.18,91.95,75.78,TARGET,886.2,12.96,WIN,137951.84810546864
569,COALINDIA,swing,2026-04-30,2026-04-30,2026-05-07,481.45,462.44,28,13480.6,462.44,528.97,456.11,SL,-532.28,-3.95,LOSS,137419.56810546864
570,SCI,swing,2026-04-16,2026-04-16,2026-05-08,288.93,339.88,24,6934.32,268.55,339.88,261.76,TARGET,1222.8,17.63,WIN,132043.83810546863
571,COALINDIA,swing,2026-05-07,2026-05-07,2026-05-27,466.65,449.0,29,13532.849999999999,449.0,510.77,443.12,SL,-511.85,-3.78,LOSS,145064.83810546863
572,COALINDIA,swing,2026-06-01,2026-06-01,2026-06-10,472.6,452.35,28,13232.800000000001,452.35,523.22,445.6,SL,-567.0,-4.28,LOSS,137566.83810546863
573,GPIL,swing,2026-03-25,2026-03-25,2026-06-23,277.3,271.75,25,6932.5,259.59,321.58,253.68,TIME_EXIT,-138.75,-2.0,LOSS,130923.78810546863
574,JINDALSTEL,swing,2026-04-07,2026-04-07,2026-06-23,1168.2,1103.24,6,7009.200000000001,1103.24,1330.6,1081.59,SL,-389.76,-5.56,LOSS,137543.22810546862
575,CIEINDIA,swing,2026-04-07,2026-04-07,2026-07-06,452.15,469.3500061035156,15,6782.25,424.02,522.48,414.64,TIME_EXIT,258.0,3.8,WIN,118658.91819702135
576,ABB,swing,2026-06-09,2026-06-09,2026-07-16,6931.0,7692.73,1,6931.0,6626.31,7692.73,6524.74,TARGET,761.73,10.99,WIN,112955.04819702134
577,AUBANK,swing,2026-06-15,2026-06-15,2026-07-20,1033.6,990.77,13,13436.8,990.77,1140.67,976.5,SL,-556.79,-4.14,LOSS,125835.05819702134
578,NESTLEIND,swing,2026-07-01,2026-07-01,2026-07-30,1446.84,1515.82,4,5787.36,1400.86,1561.8,1385.53,PROFIT_BOOKING_1,275.92,4.77,PARTIAL_WIN,118482.83819702134
579,NESTLEIND,swing,2026-07-01,2026-07-01,2026-07-30,1446.84,1521.5,5,7234.2,1400.86,1561.8,1385.53,END_OF_PERIOD,373.3,5.16,WIN,126090.33819702134
579,CCL,swing,2026-07-03,2026-07-03,2026-07-30,1173.0,1190.5,11,12903.0,1118.11,1310.24,1099.81,END_OF_PERIOD,192.5,1.49,WIN,139185.83819702134
579,AARTIIND,swing,2026-07-07,2026-07-07,2026-07-30,478.45,481.8500061035156,28,13396.6,456.33,533.76,448.95,END_OF_PERIOD,95.2,0.71,WIN,152677.63836791978
579,WOCKPHARMA,swing,2026-07-29,2026-07-29,2026-07-30,1916.5,1903.5999755859375,7,13415.5,1823.24,2149.66,1792.15,END_OF_PERIOD,-90.3,-0.67,LOSS,166002.83819702134
